Date,Open,High,Low,Close,Adj Close,Volume
"Dec 27, 2024",109.44,109.80,106.52,108.18,108.18,"3,965,400"
"Dec 26, 2024",109.78,110.62,108.89,109.96,109.96,"2,224,600"
"Dec 24, 2024",109.63,110.36,108.51,110.18,110.18,"1,848,500"
"Dec 23, 2024",108.53,110.08,107.47,109.25,109.25,"4,097,200"
"Dec 20, 2024",105.30,109.96,104.50,108.95,108.95,"6,709,500"
"Dec 19, 2024",111.30,111.44,105.71,107.07,107.07,"10,550,200"
"Dec 18, 2024",118.81,120.10,109.51,109.70,109.70,"8,810,400"
"Dec 17, 2024",115.14,119.85,114.95,119.49,119.49,"8,038,100"
"Dec 16, 2024",115.72,117.00,114.69,115.94,115.94,"5,178,900"
"Dec 13, 2024",115.52,116.50,113.44,114.63,114.63,"4,667,200"
"Dec 12, 2024",116.22,118.32,115.15,115.31,115.31,"6,059,300"
"Dec 11, 2024",115.36,117.86,114.16,117.37,117.37,"6,459,000"
"Dec 10, 2024",114.78,116.65,112.68,113.45,113.45,"5,139,800"
"Dec 9, 2024",118.59,118.94,114.08,115.29,115.29,"6,325,700"
"Dec 6, 2024",116.72,120.72,116.40,118.37,118.37,"10,136,400"
"Dec 5, 2024",113.43,115.46,112.94,114.09,114.09,"5,291,000"
"Dec 4, 2024",112.33,115.79,112.30,113.43,113.43,"7,736,700"
"Dec 3, 2024",112.75,113.79,111.04,111.86,111.86,"8,263,400"
"Dec 2, 2024",115.22,115.99,111.12,112.98,112.98,"9,839,600"
"Nov 29, 2024",113.16,116.35,112.53,115.60,115.60,"6,178,300"
"Nov 27, 2024",111.44,112.59,110.94,112.54,112.54,"4,665,600"
"Nov 26, 2024",109.70,113.90,109.08,112.08,112.08,"8,029,000"
"Nov 25, 2024",109.30,112.45,108.63,111.00,111.00,"10,139,300"
"Nov 22, 2024",107.01,107.50,105.33,106.96,106.96,"7,059,900"
"Nov 21, 2024",103.74,108.21,103.26,106.48,106.48,"10,624,700"
"Nov 20, 2024",104.83,105.07,102.58,103.94,103.94,"7,632,600"
"Nov 19, 2024",104.31,105.38,103.27,104.59,104.59,"9,038,100"
"Nov 18, 2024",108.90,109.11,105.76,105.88,105.88,"6,689,800"
"Nov 15, 2024",107.10,108.79,105.25,108.49,108.49,"10,764,200"
"Nov 14, 2024",115.29,115.29,109.00,109.08,109.08,"13,147,900"
"Nov 13, 2024",107.50,115.62,106.18,115.09,115.09,"20,642,000"
"Nov 12, 2024",107.52,114.51,106.00,108.92,108.92,"63,946,200"
"Nov 11, 2024",88.95,92.16,88.71,89.99,89.99,"20,014,100"
"Nov 8, 2024",85.60,87.26,85.25,87.12,87.12,"7,439,000"
"Nov 7, 2024",82.16,85.84,82.10,85.55,85.55,"6,623,700"
"Nov 6, 2024",81.55,82.12,80.13,81.92,81.92,"5,169,800"
"Nov 5, 2024",78.55,80.04,78.23,79.57,79.57,"4,652,300"
"Nov 4, 2024",78.71,79.06,77.70,78.44,78.44,"3,584,500"
"Nov 1, 2024",79.05,79.89,77.94,78.99,78.99,"6,189,900"
"Oct 31, 2024",79.75,80.39,77.12,78.21,78.21,"4,637,000"
"Oct 30, 2024",80.03,80.51,79.28,80.01,80.01,"3,712,300"
"Oct 29, 2024",79.39,80.80,79.21,80.39,80.39,"5,131,300"
"Oct 28, 2024",79.61,80.18,79.32,79.87,79.87,"3,327,700"
"Oct 25, 2024",80.10,80.97,78.78,79.05,79.05,"3,834,500"
"Oct 24, 2024",80.00,80.39,78.84,79.82,79.82,"3,981,400"
"Oct 23, 2024",81.23,81.91,79.12,79.66,79.66,"4,832,300"
"Oct 22, 2024",81.50,82.54,81.16,81.61,81.61,"4,624,800"
"Oct 21, 2024",82.03,83.25,81.29,82.66,82.66,"5,437,900"
"Oct 18, 2024",82.25,82.95,82.03,82.68,82.68,"3,862,200"
"Oct 17, 2024",82.89,83.18,81.14,81.63,81.63,"3,519,800"
"Oct 16, 2024",81.95,82.27,80.34,81.85,81.85,"4,929,300"
"Oct 15, 2024",83.60,83.77,80.46,81.93,81.93,"6,484,700"
"Oct 14, 2024",83.84,84.37,82.66,83.68,83.68,"3,759,800"
"Oct 11, 2024",81.97,84.20,81.89,83.24,83.24,"3,775,000"
"Oct 10, 2024",82.36,83.65,82.30,82.71,82.71,"3,937,200"
"Oct 9, 2024",82.63,84.12,82.63,83.41,83.41,"4,741,400"
"Oct 8, 2024",81.00,83.14,80.60,82.58,82.58,"5,723,800"
"Oct 7, 2024",81.85,82.10,80.30,80.86,80.86,"5,495,800"
"Oct 4, 2024",79.81,82.64,79.50,82.43,82.43,"7,737,900"
"Oct 3, 2024",78.50,79.32,77.69,78.14,78.14,"4,625,400"
"Oct 2, 2024",78.51,79.31,77.93,79.10,79.10,"3,110,500"
"Oct 1, 2024",80.00,80.24,77.77,78.45,78.45,"5,656,200"
"Sep 30, 2024",79.07,80.36,78.50,80.14,80.14,"4,462,800"
"Sep 27, 2024",80.82,81.15,79.19,79.21,79.21,"3,973,600"
"Sep 26, 2024",80.44,81.09,78.77,80.75,80.75,"5,729,700"
"Sep 25, 2024",80.13,80.91,79.01,79.26,79.26,"5,021,900"
"Sep 24, 2024",80.77,81.07,78.78,80.33,80.33,"5,398,200"
"Sep 23, 2024",79.00,80.80,78.85,80.11,80.11,"7,896,200"
"Sep 20, 2024",78.61,79.52,77.31,78.72,78.72,"5,612,900"
"Sep 19, 2024",77.40,79.31,76.64,78.68,78.68,"9,864,300"
"Sep 18, 2024",74.83,76.97,74.59,75.22,75.22,"7,039,400"
"Sep 17, 2024",75.50,75.76,73.66,74.45,74.45,"8,177,400"
"Sep 16, 2024",72.10,73.70,71.47,73.58,73.58,"4,184,700"
"Sep 13, 2024",71.83,73.44,71.76,72.45,72.45,"5,655,600"
"Sep 12, 2024",70.72,71.98,69.63,71.31,71.31,"6,187,700"
"Sep 11, 2024",68.55,71.76,68.10,71.52,71.52,"7,063,300"
"Sep 10, 2024",68.79,68.90,66.95,68.17,68.17,"4,530,300"
"Sep 9, 2024",68.48,69.49,67.14,68.13,68.13,"4,298,600"
"Sep 6, 2024",70.38,70.56,65.86,67.01,67.01,"7,380,400"
"Sep 5, 2024",70.00,70.93,69.31,70.11,70.11,"3,296,200"
"Sep 4, 2024",70.86,71.75,69.62,70.22,70.22,"4,612,800"
"Sep 3, 2024",73.15,73.22,70.82,71.26,71.26,"5,773,600"
"Aug 30, 2024",73.55,74.33,73.12,74.07,74.07,"3,019,300"
"Aug 29, 2024",72.90,74.34,72.87,73.27,73.27,"3,620,100"
"Aug 28, 2024",74.23,74.37,71.76,72.53,72.53,"5,551,700"
"Aug 27, 2024",74.47,74.87,72.86,74.53,74.53,"4,389,800"
"Aug 26, 2024",76.11,76.83,74.92,74.95,74.95,"4,047,000"
"Aug 23, 2024",75.00,76.44,74.69,76.14,76.14,"5,405,600"
"Aug 22, 2024",76.04,76.30,74.23,74.30,74.30,"4,772,900"
"Aug 21, 2024",75.00,76.20,74.87,76.14,76.14,"5,760,500"
"Aug 20, 2024",75.00,75.68,74.16,74.87,74.87,"8,513,000"
"Aug 19, 2024",74.55,75.17,73.92,75.16,75.16,"6,246,700"
"Aug 16, 2024",74.33,75.36,74.11,74.55,74.55,"5,403,600"
"Aug 15, 2024",73.02,74.91,73.01,74.85,74.85,"10,849,700"
"Aug 14, 2024",70.34,71.76,69.94,71.59,71.59,"9,032,300"
"Aug 13, 2024",68.84,70.07,68.68,69.90,69.90,"10,545,500"
"Aug 12, 2024",69.09,70.73,68.05,68.31,68.31,"11,134,000"
"Aug 9, 2024",68.16,69.32,67.42,69.30,69.30,"10,931,200"
"Aug 8, 2024",64.24,68.78,63.91,68.55,68.55,"19,891,500"
"Aug 7, 2024",64.50,67.78,63.55,63.89,63.89,"49,976,600"
"Aug 6, 2024",53.14,54.89,52.34,54.22,54.22,"18,567,200"
"Aug 5, 2024",48.59,53.36,48.56,52.26,52.26,"16,525,200"
"Aug 2, 2024",54.61,55.18,52.54,54.43,54.43,"18,357,900"
"Aug 1, 2024",61.60,62.00,57.25,58.17,58.17,"9,598,300"
"Jul 31, 2024",60.32,61.88,60.13,61.20,61.20,"8,649,400"
"Jul 30, 2024",59.83,61.02,58.93,59.20,59.20,"6,669,800"
"Jul 29, 2024",60.15,60.57,59.52,59.87,59.87,"5,046,000"
"Jul 26, 2024",61.42,61.52,59.81,59.94,59.94,"5,256,400"
"Jul 25, 2024",59.27,60.97,58.04,59.44,59.44,"6,873,300"
"Jul 24, 2024",62.10,62.52,59.16,59.27,59.27,"8,255,600"
"Jul 23, 2024",63.00,63.64,62.65,62.66,62.66,"5,392,700"
"Jul 22, 2024",63.46,63.78,61.44,62.69,62.69,"9,143,800"
"Jul 19, 2024",62.51,64.18,62.45,63.16,63.16,"6,686,100"
"Jul 18, 2024",65.90,66.09,62.72,63.11,63.11,"7,904,800"
"Jul 17, 2024",68.17,68.40,63.70,64.81,64.81,"14,176,000"
"Jul 16, 2024",67.26,70.04,66.83,69.72,69.72,"21,416,800"
"Jul 15, 2024",65.03,65.23,63.93,64.21,64.21,"7,073,300"
"Jul 12, 2024",65.85,65.99,64.63,64.89,64.89,"7,778,500"
"Jul 11, 2024",65.65,66.17,64.79,65.31,65.31,"7,238,500"
"Jul 10, 2024",66.30,66.33,64.61,65.61,65.61,"7,121,000"
"Jul 9, 2024",67.04,67.52,65.72,66.13,66.13,"6,523,000"
"Jul 8, 2024",67.53,67.79,66.94,67.34,67.34,"4,606,000"
"Jul 5, 2024",66.94,68.04,66.36,67.63,67.63,"6,441,500"
"Jul 3, 2024",66.26,67.22,66.26,66.73,66.73,"3,931,000"
"Jul 2, 2024",64.88,66.13,64.34,66.06,66.06,"6,762,900"
"Jul 1, 2024",65.96,65.97,63.05,64.63,64.63,"8,395,400"
"Jun 28, 2024",66.60,67.18,65.46,66.05,66.05,"6,650,600"
"Jun 27, 2024",65.29,66.84,65.16,66.37,66.37,"7,716,300"
"Jun 26, 2024",65.20,65.53,64.44,65.45,65.45,"6,978,900"
"Jun 25, 2024",64.48,65.49,64.06,64.78,64.78,"6,484,600"
"Jun 24, 2024",65.62,65.82,63.41,64.31,64.31,"10,464,500"
"Jun 21, 2024",63.81,65.19,63.41,65.03,65.03,"8,199,700"
"Jun 20, 2024",64.38,64.87,63.15,63.88,63.88,"7,405,100"
"Jun 18, 2024",65.90,66.11,63.97,64.25,64.25,"11,280,600"
"Jun 17, 2024",67.25,67.33,64.75,66.52,66.52,"12,112,100"
"Jun 14, 2024",65.86,68.21,65.43,67.66,67.66,"17,915,800"
"Jun 13, 2024",65.60,65.79,64.13,64.69,64.69,"9,163,400"
"Jun 12, 2024",64.62,66.51,64.22,65.47,65.47,"13,945,200"
"Jun 11, 2024",63.87,64.69,63.23,63.82,63.82,"11,760,200"
"Jun 10, 2024",61.38,63.74,61.27,63.01,63.01,"10,629,100"
"Jun 7, 2024",61.28,61.94,60.66,61.59,61.59,"7,099,200"
"Jun 6, 2024",60.15,61.48,60.15,61.46,61.46,"7,391,300"
"Jun 5, 2024",61.18,61.70,60.28,61.25,61.25,"11,092,500"
"Jun 4, 2024",59.46,60.69,59.21,60.68,60.68,"11,589,700"
"Jun 3, 2024",59.41,59.94,58.38,59.70,59.70,"8,640,300"
"May 31, 2024",58.80,59.23,57.75,59.15,59.15,"12,261,100"
"May 30, 2024",58.41,58.78,57.91,58.54,58.54,"9,829,800"
"May 29, 2024",57.55,58.57,57.26,58.37,58.37,"7,784,000"
"May 28, 2024",57.01,58.22,56.31,58.19,58.19,"10,785,200"
"May 24, 2024",57.11,58.06,56.91,56.97,56.97,"8,507,100"
"May 23, 2024",58.61,59.08,57.48,57.64,57.64,"11,415,500"
"May 22, 2024",58.88,60.11,58.21,58.70,58.70,"18,624,500"
"May 21, 2024",58.50,58.62,57.01,57.02,57.02,"13,778,700"
"May 20, 2024",58.87,59.21,58.30,58.91,58.91,"7,786,100"
"May 17, 2024",57.95,58.59,57.04,58.53,58.53,"12,303,900"
"May 16, 2024",58.65,58.99,57.78,57.81,57.81,"9,636,000"
"May 15, 2024",59.17,59.67,58.35,58.77,58.77,"11,174,300"
"May 14, 2024",58.66,58.77,56.92,58.03,58.03,"20,334,800"
"May 13, 2024",59.07,59.48,58.26,58.78,58.78,"12,847,600"
"May 10, 2024",62.72,62.74,58.65,58.94,58.94,"30,675,600"
"May 9, 2024",63.57,63.80,61.61,62.45,62.45,"19,819,700"
"May 8, 2024",63.67,64.20,60.64,62.73,62.73,"58,311,600"
"May 7, 2024",76.53,77.82,75.29,77.05,77.05,"11,383,800"
"May 6, 2024",75.00,77.80,74.42,77.37,77.37,"11,042,600"
"May 3, 2024",73.78,74.88,73.06,74.46,74.46,"7,346,400"
"May 2, 2024",71.99,72.72,70.23,72.00,72.00,"5,387,100"
"May 1, 2024",70.21,72.08,68.88,70.40,70.40,"7,432,900"
"Apr 30, 2024",72.40,74.48,70.18,70.20,70.20,"8,246,200"
"Apr 29, 2024",73.81,74.04,71.38,72.48,72.48,"9,918,000"
"Apr 26, 2024",71.32,71.83,70.74,71.33,71.33,"4,611,800"
"Apr 25, 2024",70.43,71.36,69.57,70.55,70.55,"6,770,500"
"Apr 24, 2024",74.40,74.72,71.65,72.26,72.26,"6,086,500"
"Apr 23, 2024",71.28,74.59,71.22,74.01,74.01,"9,517,500"
"Apr 22, 2024",70.05,71.27,69.32,70.55,70.55,"5,908,200"
"Apr 19, 2024",71.00,71.63,68.79,69.67,69.67,"10,289,300"
"Apr 18, 2024",69.33,70.95,68.15,69.51,69.51,"7,360,500"
"Apr 17, 2024",69.50,71.00,68.97,69.41,69.41,"8,373,200"
"Apr 16, 2024",68.47,69.34,68.01,68.70,68.70,"9,249,200"
"Apr 15, 2024",70.00,70.41,68.39,68.57,68.57,"8,733,200"
"Apr 12, 2024",70.89,71.19,69.19,70.00,70.00,"11,013,500"
"Apr 11, 2024",71.98,72.27,70.49,71.57,71.57,"11,728,000"
"Apr 10, 2024",72.80,73.12,71.59,71.98,71.98,"8,018,300"
"Apr 9, 2024",74.36,75.08,73.50,74.92,74.92,"4,362,300"
"Apr 8, 2024",75.21,75.46,73.32,74.38,74.38,"7,051,900"
"Apr 5, 2024",74.60,75.99,73.69,75.28,75.28,"6,587,200"
"Apr 4, 2024",75.61,77.07,74.56,74.81,74.81,"8,530,700"
"Apr 3, 2024",78.28,79.29,75.13,75.64,75.64,"9,874,100"
"Apr 2, 2024",76.61,78.60,75.95,78.12,78.12,"6,692,400"
"Apr 1, 2024",77.35,78.63,76.28,78.19,78.19,"6,588,400"
"Mar 28, 2024",78.80,79.19,77.00,77.17,77.17,"4,261,000"
"Mar 27, 2024",79.35,79.38,77.46,78.62,78.62,"4,399,700"
"Mar 26, 2024",79.04,79.75,77.75,78.53,78.53,"4,442,200"
"Mar 25, 2024",78.10,79.56,77.74,78.42,78.42,"4,596,000"
"Mar 22, 2024",78.89,80.37,78.38,78.72,78.72,"4,559,100"
"Mar 21, 2024",81.66,83.39,79.56,79.59,79.59,"11,345,900"
"Mar 20, 2024",77.53,81.62,77.29,81.33,81.33,"6,793,700"
"Mar 19, 2024",76.73,78.53,75.30,77.53,77.53,"5,736,500"
"Mar 18, 2024",78.00,78.00,76.26,77.52,77.52,"5,440,700"
"Mar 15, 2024",78.23,79.07,76.76,77.15,77.15,"5,818,900"
"Mar 14, 2024",78.53,79.80,77.36,78.42,78.42,"7,244,200"
"Mar 13, 2024",76.19,79.40,76.10,78.68,78.68,"10,975,300"
"Mar 12, 2024",75.95,76.69,74.58,76.36,76.36,"5,667,100"
"Mar 11, 2024",75.60,76.29,74.44,74.97,74.97,"5,191,200"
"Mar 8, 2024",76.08,79.58,76.08,76.16,76.16,"10,437,000"
"Mar 7, 2024",74.26,75.96,73.20,75.33,75.33,"7,592,500"
"Mar 6, 2024",74.18,74.85,72.92,74.01,74.01,"5,757,300"
"Mar 5, 2024",74.80,74.93,72.64,73.47,73.47,"8,691,200"
"Mar 4, 2024",76.47,76.53,73.99,75.77,75.77,"7,395,000"
"Mar 1, 2024",77.11,78.66,76.31,76.59,76.59,"7,791,000"
"Feb 29, 2024",76.27,77.14,75.03,76.37,76.37,"6,693,400"
"Feb 28, 2024",75.56,76.19,74.73,75.56,75.56,"5,208,500"
"Feb 27, 2024",77.56,77.63,75.90,76.63,76.63,"7,449,300"
"Feb 26, 2024",76.31,78.25,76.21,77.56,77.56,"8,935,200"
"Feb 23, 2024",75.05,76.80,73.85,76.24,76.24,"10,235,600"
"Feb 22, 2024",78.28,78.83,74.87,75.03,75.03,"11,326,800"
"Feb 21, 2024",77.00,78.06,74.67,75.59,75.59,"10,553,400"
"Feb 20, 2024",79.95,80.58,77.72,78.62,78.62,"10,349,300"
"Feb 16, 2024",82.25,83.67,80.35,81.29,81.29,"13,691,800"
"Feb 15, 2024",80.24,84.05,79.60,84.00,84.00,"15,483,200"
"Feb 14, 2024",79.11,80.70,77.48,80.67,80.67,"18,016,700"
"Feb 13, 2024",77.80,83.49,77.01,77.18,77.18,"40,164,900"
"Feb 12, 2024",91.40,91.57,88.98,89.12,89.12,"17,188,800"
"Feb 9, 2024",90.00,91.21,88.92,90.72,90.72,"11,356,900"
"Feb 8, 2024",85.03,91.44,84.90,87.87,87.87,"20,834,800"
"Feb 7, 2024",82.10,85.46,81.80,85.17,85.17,"13,242,600"
"Feb 6, 2024",81.40,82.04,79.77,81.56,81.56,"5,548,000"
"Feb 5, 2024",82.44,82.80,80.03,81.40,81.40,"8,558,300"
"Feb 2, 2024",81.00,83.03,79.33,82.93,82.93,"17,644,900"
"Feb 1, 2024",79.37,79.58,75.82,76.72,76.72,"14,190,000"
"Jan 31, 2024",81.30,82.22,79.96,80.07,80.07,"6,749,700"
"Jan 30, 2024",82.78,83.25,81.68,82.33,82.33,"5,529,000"
"Jan 29, 2024",81.74,83.57,81.47,83.54,83.54,"6,479,000"
"Jan 26, 2024",80.51,82.84,80.47,81.55,81.55,"6,839,200"
"Jan 25, 2024",81.27,81.70,79.14,80.49,80.49,"6,926,800"
"Jan 24, 2024",82.28,83.36,80.67,80.73,80.73,"7,675,800"
"Jan 23, 2024",80.70,81.62,79.53,81.14,81.14,"5,700,500"
"Jan 22, 2024",80.91,82.83,79.69,80.26,80.26,"9,011,700"
"Jan 19, 2024",77.31,80.18,76.31,80.01,80.01,"10,241,200"
"Jan 18, 2024",80.00,81.01,77.21,77.52,77.52,"11,221,200"
"Jan 17, 2024",80.03,80.44,77.53,80.32,80.32,"15,898,400"
"Jan 16, 2024",80.28,82.14,79.62,81.32,81.32,"11,659,700"
"Jan 12, 2024",81.11,83.19,81.00,81.40,81.40,"9,252,600"
"Jan 11, 2024",81.15,82.65,79.13,81.30,81.30,"10,641,200"
"Jan 10, 2024",80.69,81.30,79.37,81.10,81.10,"9,866,700"
"Jan 9, 2024",77.25,80.24,76.92,80.11,80.11,"10,835,000"
"Jan 8, 2024",74.78,77.90,74.72,77.69,77.69,"8,232,000"
"Jan 5, 2024",73.32,75.95,73.00,74.51,74.51,"9,830,200"
"Jan 4, 2024",71.63,74.02,70.61,73.42,73.42,"11,927,400"
"Jan 3, 2024",72.08,72.99,71.18,71.82,71.82,"9,649,900"
"Jan 2, 2024",76.44,76.63,72.91,73.83,73.83,"13,134,800"
"Dec 29, 2023",79.12,79.73,77.25,77.90,77.90,"9,518,700"
"Dec 28, 2023",78.29,79.20,77.48,79.11,79.11,"7,608,400"
"Dec 27, 2023",78.19,78.68,77.34,78.34,78.34,"6,050,200"
"Dec 26, 2023",76.83,78.46,76.44,78.21,78.21,"5,251,800"
"Dec 22, 2023",76.45,77.17,76.15,76.83,76.83,"6,076,700"
"Dec 21, 2023",76.70,77.30,75.50,76.14,76.14,"7,496,300"
"Dec 20, 2023",78.10,78.70,75.15,75.42,75.42,"9,983,300"
"Dec 19, 2023",77.20,79.99,77.18,78.35,78.35,"12,464,500"
"Dec 18, 2023",75.75,77.47,75.63,77.13,77.13,"9,501,600"
"Dec 15, 2023",77.71,77.95,76.35,76.82,76.82,"10,416,900"
"Dec 14, 2023",75.31,77.64,74.85,77.54,77.54,"13,242,200"
"Dec 13, 2023",72.53,74.09,71.15,73.86,73.86,"10,910,200"
"Dec 12, 2023",72.00,72.63,71.07,72.50,72.50,"6,415,900"
"Dec 11, 2023",72.43,73.63,72.18,72.81,72.81,"7,101,400"
"Dec 8, 2023",71.26,73.02,71.24,72.52,72.52,"7,456,600"
"Dec 7, 2023",70.86,72.28,70.04,71.86,71.86,"8,471,200"
"Dec 6, 2023",73.77,74.18,71.07,71.14,71.14,"13,428,600"
"Dec 5, 2023",71.80,75.47,71.15,74.72,74.72,"15,768,000"
"Dec 4, 2023",73.00,73.66,71.37,72.52,72.52,"9,569,200"
"Dec 1, 2023",72.50,73.99,71.74,73.86,73.86,"8,839,800"
"Nov 30, 2023",73.36,73.84,72.12,72.82,72.82,"7,322,300"
"Nov 29, 2023",74.34,75.06,73.00,73.33,73.33,"9,815,600"
"Nov 28, 2023",72.42,74.22,72.20,73.51,73.51,"12,632,000"
"Nov 27, 2023",71.81,74.47,71.08,73.79,73.79,"24,288,900"
"Nov 24, 2023",70.50,71.21,70.23,70.35,70.35,"5,062,800"
"Nov 22, 2023",70.26,71.58,69.15,70.96,70.96,"10,215,200"
"Nov 21, 2023",69.00,69.91,68.16,69.73,69.73,"8,209,100"
"Nov 20, 2023",67.73,70.16,67.73,69.51,69.51,"10,277,000"
"Nov 17, 2023",66.93,68.89,66.80,68.34,68.34,"9,331,700"
"Nov 16, 2023",67.06,68.25,66.69,67.28,67.28,"9,160,900"
"Nov 15, 2023",65.82,68.35,65.76,67.85,67.85,"13,514,500"
"Nov 14, 2023",64.26,66.17,63.98,65.52,65.52,"13,168,400"
"Nov 13, 2023",61.23,62.41,60.24,62.34,62.34,"8,784,100"
"Nov 10, 2023",60.27,61.63,59.89,61.34,61.34,"9,322,100"
"Nov 9, 2023",62.52,63.34,60.33,60.37,60.37,"13,118,300"
"Nov 8, 2023",61.87,63.09,60.70,62.74,62.74,"11,987,600"
"Nov 7, 2023",60.70,62.34,60.03,61.69,61.69,"11,180,400"
"Nov 6, 2023",61.59,61.78,59.71,60.43,60.43,"13,284,900"
"Nov 3, 2023",59.86,61.84,58.95,61.47,61.47,"22,370,000"
"Nov 2, 2023",57.64,60.15,55.51,59.70,59.70,"43,602,900"
"Nov 1, 2023",47.55,48.86,47.16,48.79,48.79,"19,173,700"
"Oct 31, 2023",46.65,47.63,45.50,47.19,47.19,"12,046,900"
"Oct 30, 2023",47.09,47.85,46.25,46.92,46.92,"10,496,200"
"Oct 27, 2023",48.13,48.18,46.06,46.40,46.40,"12,207,700"
"Oct 26, 2023",48.84,49.36,45.81,46.69,46.69,"17,931,300"
"Oct 25, 2023",50.85,51.08,48.35,48.49,48.49,"12,658,800"
"Oct 24, 2023",51.50,52.88,51.26,52.35,52.35,"7,618,800"
"Oct 23, 2023",50.53,51.98,49.64,51.00,51.00,"8,851,700"
"Oct 20, 2023",51.57,52.45,50.62,51.14,51.14,"8,373,000"
"Oct 19, 2023",53.13,53.32,51.54,51.83,51.83,"10,438,100"
"Oct 18, 2023",54.58,56.20,52.43,52.84,52.84,"15,420,800"
"Oct 17, 2023",52.59,54.46,52.49,54.17,54.17,"7,962,000"
"Oct 16, 2023",51.92,53.59,51.05,53.28,53.28,"10,339,500"
"Oct 13, 2023",53.40,54.19,50.69,51.55,51.55,"14,373,400"
"Oct 12, 2023",54.50,55.03,52.92,53.33,53.33,"10,730,800"
"Oct 11, 2023",55.51,55.64,53.71,54.24,54.24,"8,505,700"
"Oct 10, 2023",53.73,55.59,53.56,55.08,55.08,"9,834,000"
"Oct 9, 2023",52.41,53.93,52.06,53.51,53.51,"9,709,400"
"Oct 6, 2023",51.43,53.91,51.20,53.65,53.65,"12,442,400"
"Oct 5, 2023",52.01,52.55,51.11,52.19,52.19,"9,268,600"
"Oct 4, 2023",52.16,52.75,51.15,52.58,52.58,"10,956,700"
"Oct 3, 2023",53.00,53.68,51.02,51.38,51.38,"11,280,200"
"Oct 2, 2023",54.22,55.21,53.51,54.00,54.00,"8,265,300"
"Sep 29, 2023",54.26,55.59,54.10,54.57,54.57,"13,696,200"
"Sep 28, 2023",51.25,53.88,50.59,53.20,53.20,"13,608,000"
"Sep 27, 2023",51.88,52.49,51.03,51.85,51.85,"9,041,700"
"Sep 26, 2023",52.90,53.63,51.37,51.51,51.51,"10,456,000"
"Sep 25, 2023",52.71,53.63,52.30,53.58,53.58,"8,314,700"
"Sep 22, 2023",54.74,55.27,52.89,53.08,53.08,"9,870,000"
"Sep 21, 2023",55.37,55.99,53.68,53.70,53.70,"11,303,200"
"Sep 20, 2023",58.62,58.70,56.83,56.97,56.97,"8,228,600"
"Sep 19, 2023",59.17,59.23,56.88,58.33,58.33,"13,471,600"
"Sep 18, 2023",62.04,62.42,59.37,59.50,59.50,"11,516,400"
"Sep 15, 2023",63.31,63.49,61.92,62.38,62.38,"8,571,100"
"Sep 14, 2023",63.08,63.84,62.65,63.40,63.40,"7,116,800"
"Sep 13, 2023",62.34,63.26,61.72,62.62,62.62,"6,920,300"
"Sep 12, 2023",63.73,64.92,62.91,62.93,62.93,"7,179,900"
"Sep 11, 2023",63.39,64.76,62.81,64.56,64.56,"7,924,300"
"Sep 8, 2023",64.34,64.82,62.78,63.01,63.01,"9,043,500"
"Sep 7, 2023",64.76,65.71,63.57,64.78,64.78,"8,711,900"
"Sep 6, 2023",65.04,66.26,65.00,65.82,65.82,"8,222,700"
"Sep 5, 2023",66.24,66.49,65.27,65.80,65.80,"8,858,400"
"Sep 1, 2023",66.68,67.60,65.89,66.71,66.71,"13,840,600"
"Aug 31, 2023",64.71,66.85,63.28,66.49,66.49,"30,505,800"
"Aug 30, 2023",58.59,60.03,58.37,60.01,60.01,"7,972,400"
"Aug 29, 2023",56.28,59.15,56.01,58.80,58.80,"9,897,800"
"Aug 28, 2023",56.24,56.72,55.75,56.31,56.31,"7,511,900"
"Aug 25, 2023",55.43,56.64,54.07,55.54,55.54,"8,956,000"
"Aug 24, 2023",57.10,57.17,54.93,55.46,55.46,"8,956,200"
"Aug 23, 2023",54.19,57.01,54.11,56.73,56.73,"13,232,000"
"Aug 22, 2023",54.70,55.08,53.84,53.96,53.96,"6,627,500"
"Aug 21, 2023",53.41,54.27,52.90,53.93,53.93,"7,606,800"
"Aug 18, 2023",51.47,53.25,51.20,53.14,53.14,"12,142,800"
"Aug 17, 2023",55.69,55.97,52.78,53.22,53.22,"13,873,200"
"Aug 16, 2023",55.16,55.94,54.35,55.34,55.34,"8,530,700"
"Aug 15, 2023",55.69,56.20,54.77,55.34,55.34,"9,741,000"
"Aug 14, 2023",54.54,55.99,54.38,55.98,55.98,"6,531,000"
"Aug 11, 2023",55.59,55.94,54.71,55.27,55.27,"8,671,900"
"Aug 10, 2023",56.30,57.20,55.38,56.47,56.47,"11,696,400"
"Aug 9, 2023",56.10,57.06,55.09,55.20,55.20,"9,709,000"
"Aug 8, 2023",56.45,57.31,55.73,56.19,56.19,"12,202,300"
"Aug 7, 2023",57.61,58.06,56.51,57.57,57.57,"10,887,400"
"Aug 4, 2023",60.25,61.18,57.67,57.93,57.93,"17,041,900"
"Aug 3, 2023",61.88,64.25,58.33,59.04,59.04,"35,450,300"
"Aug 2, 2023",65.64,66.18,61.99,62.43,62.43,"25,987,400"
"Aug 1, 2023",66.77,67.64,65.59,67.45,67.45,"9,900,400"
"Jul 31, 2023",66.95,68.31,66.76,67.58,67.58,"9,079,000"
"Jul 28, 2023",65.01,66.26,64.87,66.04,66.04,"7,783,200"
"Jul 27, 2023",66.32,67.79,63.53,63.96,63.96,"12,823,800"
"Jul 26, 2023",64.50,65.90,63.91,64.68,64.68,"8,663,000"
"Jul 25, 2023",65.91,66.48,64.85,64.99,64.99,"8,531,200"
"Jul 24, 2023",67.00,67.70,65.51,66.17,66.17,"10,457,300"
"Jul 21, 2023",66.26,66.64,65.19,65.57,65.57,"7,394,600"
"Jul 20, 2023",67.27,68.27,65.03,65.44,65.44,"10,732,300"
"Jul 19, 2023",67.88,69.13,67.41,68.23,68.23,"9,139,300"
"Jul 18, 2023",68.46,68.46,65.25,67.26,67.26,"14,982,000"
"Jul 17, 2023",68.60,69.89,67.87,68.68,68.68,"9,671,300"
"Jul 14, 2023",70.61,71.43,68.42,68.45,68.45,"12,088,500"
"Jul 13, 2023",67.02,70.50,66.81,70.37,70.37,"22,978,300"
"Jul 12, 2023",64.37,65.95,63.70,65.94,65.94,"14,865,500"
"Jul 11, 2023",62.25,63.28,62.11,63.15,63.15,"8,330,100"
"Jul 10, 2023",61.25,62.04,60.51,61.89,61.89,"8,457,600"
"Jul 7, 2023",62.11,63.33,61.60,61.67,61.67,"7,961,300"
"Jul 6, 2023",63.05,63.30,61.44,61.83,61.83,"13,301,200"
"Jul 5, 2023",64.63,64.73,63.07,64.44,64.44,"12,541,100"
"Jul 3, 2023",65.04,66.42,64.37,64.85,64.85,"7,509,500"
"Jun 30, 2023",64.47,65.35,64.20,64.60,64.60,"10,873,300"
"Jun 29, 2023",64.78,64.81,63.17,63.76,63.76,"8,527,900"
"Jun 28, 2023",63.80,66.31,63.29,64.62,64.62,"10,721,700"
"Jun 27, 2023",63.45,64.54,62.78,63.80,63.80,"9,592,500"
"Jun 26, 2023",63.37,64.94,63.12,63.25,63.25,"8,599,300"
"Jun 23, 2023",62.03,63.92,61.58,63.79,63.79,"8,603,100"
"Jun 22, 2023",62.65,64.06,62.05,63.48,63.48,"11,134,600"
"Jun 21, 2023",64.16,64.85,61.85,63.17,63.17,"12,508,600"
"Jun 20, 2023",65.00,66.57,63.32,64.26,64.26,"12,884,400"
"Jun 16, 2023",66.99,67.36,64.51,64.71,64.71,"13,552,000"
"Jun 15, 2023",65.33,66.34,63.82,66.10,66.10,"11,963,300"
"Jun 14, 2023",63.98,66.56,63.85,65.88,65.88,"16,711,900"
"Jun 13, 2023",66.00,66.50,63.30,63.84,63.84,"16,201,900"
"Jun 12, 2023",62.10,65.62,61.93,65.01,65.01,"23,168,300"
"Jun 9, 2023",59.80,62.30,59.60,61.36,61.36,"12,933,200"
"Jun 8, 2023",59.28,61.12,58.08,59.28,59.28,"13,235,100"
"Jun 7, 2023",64.01,64.82,59.33,59.56,59.56,"18,023,900"
"Jun 6, 2023",61.90,64.06,60.72,63.66,63.66,"29,211,000"
"Jun 5, 2023",58.04,60.85,57.94,59.92,59.92,"14,562,400"
"Jun 2, 2023",59.03,59.78,57.93,58.29,58.29,"12,240,200"
"Jun 1, 2023",56.42,58.59,55.42,57.94,57.94,"17,356,600"
"May 31, 2023",58.16,59.11,56.73,57.19,57.19,"13,151,600"
"May 30, 2023",60.60,61.49,57.74,58.19,58.19,"12,758,600"
"May 26, 2023",58.00,59.92,57.79,59.26,59.26,"13,636,000"
"May 25, 2023",59.47,59.58,57.43,57.71,57.71,"11,529,500"
"May 24, 2023",57.75,59.84,57.01,58.97,58.97,"17,906,400"
"May 23, 2023",61.28,62.04,57.97,58.33,58.33,"20,317,600"
"May 22, 2023",60.21,64.05,60.17,62.06,62.06,"17,253,600"
"May 19, 2023",60.70,61.05,59.79,60.20,60.20,"11,249,200"
"May 18, 2023",60.79,61.98,60.01,60.85,60.85,"12,967,300"
"May 17, 2023",60.48,61.08,59.42,60.76,60.76,"10,665,600"
"May 16, 2023",61.20,62.00,60.12,60.12,60.12,"11,089,600"
"May 15, 2023",60.76,62.32,60.70,61.58,61.58,"10,652,900"
"May 12, 2023",62.40,62.71,61.01,61.33,61.33,"13,654,600"
"May 11, 2023",62.40,63.09,61.58,62.90,62.90,"15,715,100"
"May 10, 2023",64.31,65.54,63.16,63.17,63.17,"17,461,200"
"May 9, 2023",63.48,63.93,62.36,63.89,63.89,"20,442,800"
"May 8, 2023",61.60,65.13,61.29,64.38,64.38,"37,097,600"
"May 5, 2023",57.30,62.54,57.02,62.03,62.03,"43,079,500"
"May 4, 2023",54.87,59.82,53.88,57.30,57.30,"88,927,300"
"May 3, 2023",46.80,47.97,46.19,46.27,46.27,"15,472,700"
"May 2, 2023",46.87,47.63,46.08,46.78,46.78,"11,255,000"
"May 1, 2023",48.13,48.92,47.13,47.28,47.28,"9,577,300"
"Apr 28, 2023",46.94,48.87,46.92,48.45,48.45,"10,411,800"
"Apr 27, 2023",47.43,47.62,46.34,47.59,47.59,"11,479,500"
"Apr 26, 2023",47.23,47.42,46.17,46.37,46.37,"8,126,500"
"Apr 25, 2023",47.50,47.50,46.28,46.46,46.46,"9,376,800"
"Apr 24, 2023",48.85,49.46,47.54,48.02,48.02,"10,039,700"
"Apr 21, 2023",48.23,48.99,47.85,48.94,48.94,"12,149,000"
"Apr 20, 2023",48.40,48.74,47.64,48.00,48.00,"12,161,900"
"Apr 19, 2023",48.42,49.40,48.31,49.05,49.05,"10,237,300"
"Apr 18, 2023",48.97,49.86,48.63,49.20,49.20,"13,933,400"
"Apr 17, 2023",46.11,48.82,45.91,48.52,48.52,"17,277,700"
"Apr 14, 2023",45.51,46.47,45.11,46.39,46.39,"9,819,500"
"Apr 13, 2023",45.75,46.72,45.63,45.73,45.73,"12,856,300"
"Apr 12, 2023",47.14,48.75,45.22,45.30,45.30,"30,890,300"
"Apr 11, 2023",45.09,45.55,44.18,44.78,44.78,"9,268,300"
"Apr 10, 2023",44.69,45.61,44.05,45.35,45.35,"9,589,600"
"Apr 6, 2023",44.68,45.63,43.50,45.35,45.35,"11,908,500"
"Apr 5, 2023",47.34,47.42,45.18,45.19,45.19,"12,283,100"
"Apr 4, 2023",47.78,48.26,47.32,47.59,47.59,"11,378,400"
"Apr 3, 2023",47.25,47.76,46.58,47.68,47.68,"10,349,800"
"Mar 31, 2023",46.49,48.13,45.95,47.94,47.94,"13,503,600"
"Mar 30, 2023",47.24,47.32,46.02,46.51,46.51,"12,119,100"
"Mar 29, 2023",44.75,46.73,44.75,46.70,46.70,"14,238,100"
"Mar 28, 2023",44.98,45.39,44.00,44.31,44.31,"8,872,500"
"Mar 27, 2023",45.36,45.88,44.25,45.07,45.07,"10,729,600"
"Mar 24, 2023",45.20,45.58,44.24,44.98,44.98,"11,154,500"
"Mar 23, 2023",45.82,46.94,45.12,45.79,45.79,"15,348,800"
"Mar 22, 2023",45.71,47.32,44.72,44.96,44.96,"17,080,900"
"Mar 21, 2023",44.10,46.05,44.10,45.74,45.74,"14,747,400"
"Mar 20, 2023",44.11,44.24,42.78,43.88,43.88,"15,361,600"
"Mar 17, 2023",44.23,45.38,43.75,44.68,44.68,"17,938,000"
"Mar 16, 2023",43.49,44.85,42.02,44.67,44.67,"15,374,500"
"Mar 15, 2023",42.63,43.56,42.09,43.54,43.54,"17,052,200"
"Mar 14, 2023",42.96,44.21,42.86,43.80,43.80,"16,867,700"
"Mar 13, 2023",40.52,42.76,39.79,41.78,41.78,"18,922,300"
"Mar 10, 2023",42.14,42.63,40.52,41.46,41.46,"22,080,900"
"Mar 9, 2023",43.73,45.98,42.74,43.00,43.00,"24,116,800"
"Mar 8, 2023",42.38,43.82,42.03,43.70,43.70,"13,779,400"
"Mar 7, 2023",43.12,43.68,42.22,42.46,42.46,"13,295,700"
"Mar 6, 2023",43.71,44.06,43.17,43.48,43.48,"14,875,100"
"Mar 3, 2023",41.31,43.49,41.22,43.40,43.40,"16,948,500"
"Mar 2, 2023",39.12,41.41,39.02,41.18,41.18,"16,917,000"
"Mar 1, 2023",41.14,41.45,40.00,40.10,40.10,"13,484,800"
"Feb 28, 2023",40.51,41.36,40.41,41.14,41.14,"13,054,900"
"Feb 27, 2023",40.94,41.05,39.74,40.48,40.48,"18,491,800"
"Feb 24, 2023",40.45,41.09,39.87,40.75,40.75,"20,981,600"
"Feb 23, 2023",42.69,42.82,40.94,42.38,42.38,"20,430,900"
"Feb 22, 2023",42.03,42.92,41.02,42.03,42.03,"20,094,700"
"Feb 21, 2023",42.13,42.85,41.14,41.42,41.42,"24,483,300"
"Feb 17, 2023",44.14,45.03,42.92,43.61,43.61,"26,415,300"
"Feb 16, 2023",45.54,46.92,44.31,44.91,44.91,"66,831,900"
"Feb 15, 2023",51.00,53.70,50.21,53.39,53.39,"36,098,100"
"Feb 14, 2023",48.75,50.73,47.94,50.11,50.11,"18,465,400"
"Feb 13, 2023",48.38,49.12,47.92,48.70,48.70,"11,358,400"
"Feb 10, 2023",48.86,49.15,47.33,48.30,48.30,"14,714,100"
"Feb 9, 2023",50.72,51.26,49.40,49.64,49.64,"17,396,400"
"Feb 8, 2023",51.11,51.72,49.76,49.80,49.80,"13,116,400"
"Feb 7, 2023",51.61,51.80,49.34,51.35,51.35,"20,441,200"
"Feb 6, 2023",51.67,52.89,51.40,51.57,51.57,"13,585,900"
"Feb 3, 2023",51.27,54.67,51.00,52.93,52.93,"21,572,000"
"Feb 2, 2023",52.74,54.49,52.33,53.63,53.63,"26,663,500"
"Feb 1, 2023",49.37,50.84,48.28,50.26,50.26,"26,964,600"
"Jan 31, 2023",47.88,49.74,47.73,49.27,49.27,"21,531,600"
"Jan 30, 2023",49.58,49.65,47.05,47.19,47.19,"18,872,900"
"Jan 27, 2023",47.75,50.17,47.62,50.08,50.08,"24,480,200"
"Jan 26, 2023",48.70,49.08,46.44,48.33,48.33,"28,958,200"
"Jan 25, 2023",44.96,48.27,44.34,47.33,47.33,"59,097,900"
"Jan 24, 2023",45.50,45.50,42.00,42.69,42.69,"16,032,500"
"Jan 23, 2023",42.11,44.11,41.90,44.04,44.04,"29,496,300"
"Jan 20, 2023",38.58,40.48,38.14,40.48,40.48,"15,073,100"
"Jan 19, 2023",38.42,39.47,37.91,38.06,38.06,"15,311,900"
"Jan 18, 2023",40.38,41.03,39.10,39.17,39.17,"19,447,800"
"Jan 17, 2023",39.19,40.30,38.05,39.98,39.98,"20,077,200"
"Jan 13, 2023",35.80,39.07,35.67,38.89,38.89,"24,097,400"
"Jan 12, 2023",37.29,37.40,35.60,36.76,36.76,"19,977,600"
"Jan 11, 2023",36.64,37.35,35.78,36.44,36.44,"19,921,800"
"Jan 10, 2023",36.97,37.40,36.04,36.50,36.50,"20,460,400"
"Jan 9, 2023",37.70,38.49,37.16,37.19,37.19,"17,446,600"
"Jan 6, 2023",36.11,37.25,34.97,36.85,36.85,"15,951,900"
"Jan 5, 2023",36.55,36.79,35.36,35.95,35.95,"16,462,100"
"Jan 4, 2023",36.29,37.77,35.71,37.54,37.54,"20,072,500"
"Jan 3, 2023",35.69,36.48,34.65,35.68,35.68,"18,847,000"
"Dec 30, 2022",34.32,35.15,34.15,34.71,34.71,"13,272,900"
"Dec 29, 2022",33.18,35.38,32.93,35.10,35.10,"17,645,700"
"Dec 28, 2022",33.21,33.70,32.40,32.64,32.64,"13,332,100"
"Dec 27, 2022",33.06,33.63,32.35,33.39,33.39,"12,400,900"
"Dec 23, 2022",34.20,34.55,33.10,33.71,33.71,"13,112,800"
"Dec 22, 2022",35.60,35.60,33.39,34.68,34.68,"16,498,400"
"Dec 21, 2022",36.18,36.94,35.29,36.19,36.19,"13,260,500"
"Dec 20, 2022",34.90,37.10,34.78,35.99,35.99,"16,742,400"
"Dec 19, 2022",36.10,36.30,35.22,35.50,35.50,"14,397,600"
"Dec 16, 2022",36.09,37.11,35.65,36.09,36.09,"16,908,800"
"Dec 15, 2022",37.29,37.80,36.05,36.39,36.39,"17,448,200"
"Dec 14, 2022",38.40,39.45,37.69,38.24,38.24,"21,245,500"
"Dec 13, 2022",41.81,42.70,38.57,38.78,38.78,"26,830,000"
"Dec 12, 2022",37.92,38.68,37.49,38.38,38.38,"20,040,700"
"Dec 9, 2022",38.45,40.35,38.33,38.38,38.38,"21,469,400"
"Dec 8, 2022",38.07,39.15,36.56,38.64,38.64,"24,816,600"
"Dec 7, 2022",38.08,38.99,37.72,38.49,38.49,"23,536,600"
"Dec 6, 2022",40.57,40.85,38.57,38.97,38.97,"19,295,200"
"Dec 5, 2022",42.77,43.70,40.41,40.79,40.79,"22,014,000"
"Dec 2, 2022",42.15,45.06,42.01,43.06,43.06,"30,820,900"
"Dec 1, 2022",41.45,43.74,41.30,43.40,43.40,"33,691,900"
"Nov 30, 2022",37.42,40.90,37.09,40.88,40.88,"30,671,800"
"Nov 29, 2022",38.48,39.96,36.73,37.15,37.15,"29,118,200"
"Nov 28, 2022",38.80,40.15,37.54,38.03,38.03,"42,560,300"
"Nov 25, 2022",36.73,37.01,36.04,36.79,36.79,"9,401,500"
"Nov 23, 2022",35.37,37.04,35.15,36.77,36.77,"15,970,700"
"Nov 22, 2022",35.12,35.38,34.38,35.28,35.28,"12,669,100"
"Nov 21, 2022",35.77,36.09,34.66,35.21,35.21,"15,565,600"
"Nov 18, 2022",38.29,38.37,36.08,36.59,36.59,"14,746,300"
"Nov 17, 2022",37.48,38.27,36.84,37.72,37.72,"16,916,600"
"Nov 16, 2022",39.07,39.78,37.86,38.51,38.51,"17,334,200"
"Nov 15, 2022",40.41,41.73,39.96,40.02,40.02,"26,589,100"
"Nov 14, 2022",39.05,39.31,37.92,38.40,38.40,"17,931,100"
"Nov 11, 2022",36.61,40.92,36.13,39.44,39.44,"39,173,400"
"Nov 10, 2022",33.90,36.60,33.45,36.51,36.51,"32,449,100"
"Nov 9, 2022",32.03,32.39,30.44,30.90,30.90,"17,640,800"
"Nov 8, 2022",32.57,33.25,31.66,32.80,32.80,"18,576,000"
"Nov 7, 2022",32.61,32.93,31.46,32.24,32.24,"16,129,000"
"Nov 4, 2022",34.73,35.00,31.33,32.15,32.15,"30,310,900"
"Nov 3, 2022",32.92,35.16,32.83,33.74,33.74,"23,395,000"
"Nov 2, 2022",34.93,36.06,33.51,33.51,33.51,"34,905,000"
"Nov 1, 2022",35.38,36.40,34.72,34.79,34.79,"32,527,700"
"Oct 31, 2022",34.07,36.16,33.90,34.23,34.23,"46,021,100"
"Oct 28, 2022",33.84,34.78,32.58,34.19,34.19,"39,189,500"
"Oct 27, 2022",31.03,34.60,30.90,34.10,34.10,"85,884,000"
"Oct 26, 2022",29.20,30.87,28.55,29.06,29.06,"29,275,000"
"Oct 25, 2022",29.16,30.16,29.15,29.83,29.83,"19,598,800"
"Oct 24, 2022",29.32,29.39,27.83,28.75,28.75,"24,463,900"
"Oct 21, 2022",29.03,29.75,28.03,29.75,29.75,"32,835,900"
"Oct 20, 2022",28.50,30.82,28.38,29.73,29.73,"37,547,100"
"Oct 19, 2022",28.45,28.63,27.84,28.35,28.35,"22,677,700"
"Oct 18, 2022",29.25,29.72,28.33,28.73,28.73,"22,754,300"
"Oct 17, 2022",27.45,28.00,27.07,27.76,27.76,"22,387,300"
"Oct 14, 2022",26.99,27.39,25.98,26.06,26.06,"30,443,800"
"Oct 13, 2022",24.11,26.56,23.63,26.24,26.24,"34,677,500"
"Oct 12, 2022",25.66,26.45,25.25,25.99,25.99,"20,772,500"
"Oct 11, 2022",26.40,26.58,24.95,25.67,25.67,"32,098,000"
"Oct 10, 2022",27.28,27.28,26.01,26.45,26.45,"21,516,600"
"Oct 7, 2022",29.08,29.19,27.01,27.21,27.21,"29,793,400"
"Oct 6, 2022",30.55,31.08,29.78,30.06,30.06,"36,022,000"
"Oct 5, 2022",30.42,31.25,30.12,30.83,30.83,"24,091,900"
"Oct 4, 2022",29.08,31.84,29.00,31.53,31.53,"43,031,000"
"Oct 3, 2022",27.30,28.22,26.48,27.76,27.76,"26,422,900"
"Sep 30, 2022",26.57,28.14,26.38,26.94,26.94,"24,803,900"
"Sep 29, 2022",28.32,28.60,26.51,26.77,26.77,"32,086,900"
"Sep 28, 2022",27.94,29.37,27.66,29.24,29.24,"24,820,600"
"Sep 27, 2022",29.03,29.40,27.66,27.85,27.85,"23,308,500"
"Sep 26, 2022",28.67,29.94,28.24,28.25,28.25,"25,033,100"
"Sep 23, 2022",28.41,28.91,27.65,28.76,28.76,"27,542,900"
"Sep 22, 2022",30.21,30.57,28.32,28.57,28.57,"34,457,100"
"Sep 21, 2022",31.04,32.43,30.50,30.55,30.55,"28,911,800"
"Sep 20, 2022",32.31,32.39,30.79,30.95,30.95,"26,104,100"
"Sep 19, 2022",31.17,33.03,31.14,32.94,32.94,"25,049,700"
"Sep 16, 2022",32.43,32.83,31.22,31.73,31.73,"31,975,500"
"Sep 15, 2022",33.16,34.73,32.94,33.85,33.85,"23,235,200"
"Sep 14, 2022",32.58,33.73,31.89,33.69,33.69,"22,981,700"
"Sep 13, 2022",32.75,33.52,32.40,32.70,32.70,"29,833,300"
"Sep 12, 2022",34.75,35.81,34.60,35.16,35.16,"24,260,600"
"Sep 9, 2022",32.44,34.90,32.34,34.81,34.81,"40,584,300"
"Sep 8, 2022",30.42,32.03,29.89,31.94,31.94,"30,419,400"
"Sep 7, 2022",29.96,31.10,29.37,30.98,30.98,"22,289,300"
"Sep 6, 2022",30.15,30.36,29.07,29.84,29.84,"25,659,500"
"Sep 2, 2022",31.80,31.99,29.86,30.11,30.11,"31,478,500"
"Sep 1, 2022",30.94,31.36,29.82,31.27,31.27,"28,553,500"
"Aug 31, 2022",31.98,33.35,31.34,31.65,31.65,"26,208,600"
"Aug 30, 2022",32.47,32.91,30.53,31.36,31.36,"33,550,300"
"Aug 29, 2022",31.76,33.20,31.76,31.94,31.94,"21,041,800"
"Aug 26, 2022",34.37,34.59,31.80,32.42,32.42,"30,300,000"
"Aug 25, 2022",33.74,34.71,33.29,34.34,34.34,"23,870,600"
"Aug 24, 2022",32.68,34.26,32.41,33.29,33.29,"23,435,800"
"Aug 23, 2022",33.05,33.80,32.38,32.47,32.47,"20,640,400"
"Aug 22, 2022",33.39,33.98,32.57,33.18,33.18,"23,788,800"
"Aug 19, 2022",36.09,36.44,34.11,34.20,34.20,"28,335,200"
"Aug 18, 2022",37.29,37.38,36.01,36.86,36.86,"20,334,700"
"Aug 17, 2022",38.75,39.01,37.10,37.30,37.30,"29,058,800"
"Aug 16, 2022",39.93,40.39,37.63,39.58,39.58,"30,792,100"
"Aug 15, 2022",40.14,41.10,38.86,39.84,39.84,"28,841,600"
"Aug 12, 2022",41.30,41.53,39.61,40.76,40.76,"29,889,600"
"Aug 11, 2022",42.82,45.43,39.66,40.42,40.42,"55,567,200"
"Aug 10, 2022",39.44,40.87,37.97,40.61,40.61,"39,813,100"
"Aug 9, 2022",38.75,38.84,36.31,36.75,36.75,"34,712,100"
"Aug 8, 2022",41.41,42.45,39.27,39.77,39.77,"29,845,900"
"Aug 5, 2022",39.27,42.55,39.04,40.81,40.81,"28,771,500"
"Aug 4, 2022",41.95,42.59,40.17,41.02,41.02,"31,569,700"
"Aug 3, 2022",38.30,42.15,38.30,41.93,41.93,"38,072,800"
"Aug 2, 2022",35.70,38.98,35.55,37.74,37.74,"29,707,000"
"Aug 1, 2022",34.90,37.42,34.05,36.44,36.44,"26,421,500"
"Jul 29, 2022",35.21,36.65,33.75,34.83,34.83,"31,716,800"
"Jul 28, 2022",34.70,36.16,33.60,35.91,35.91,"33,198,400"
"Jul 27, 2022",31.46,35.48,31.31,35.24,35.24,"79,941,500"
"Jul 26, 2022",31.81,31.95,30.55,31.55,31.55,"65,071,900"
"Jul 25, 2022",37.05,37.43,35.71,36.71,36.71,"19,770,500"
"Jul 22, 2022",39.40,39.86,36.76,37.35,37.35,"28,254,400"
"Jul 21, 2022",37.97,40.68,37.85,40.40,40.40,"39,578,500"
"Jul 20, 2022",34.19,38.84,33.95,38.49,38.49,"42,330,800"
"Jul 19, 2022",34.02,34.38,32.04,34.37,34.37,"27,254,900"
"Jul 18, 2022",31.92,34.20,31.83,32.54,32.54,"28,950,700"
"Jul 15, 2022",31.29,31.84,30.02,31.27,31.27,"22,398,700"
"Jul 14, 2022",31.84,32.25,30.38,30.67,30.67,"24,247,400"
"Jul 13, 2022",31.35,33.21,30.28,32.15,32.15,"26,325,800"
"Jul 12, 2022",32.57,33.48,31.70,32.38,32.38,"21,445,000"
"Jul 11, 2022",34.76,35.10,32.04,32.32,32.32,"22,534,000"
"Jul 8, 2022",34.25,36.75,34.10,35.57,35.57,"22,067,200"
"Jul 7, 2022",32.84,35.48,32.30,35.33,35.33,"23,042,300"
"Jul 6, 2022",34.14,35.31,32.75,33.04,33.04,"25,782,300"
"Jul 5, 2022",30.84,34.28,29.72,34.00,34.00,"29,111,300"
"Jul 1, 2022",32.08,33.06,30.70,31.41,31.41,"20,371,600"
"Jun 30, 2022",32.65,33.34,30.86,31.24,31.24,"26,019,600"
"Jun 29, 2022",34.40,34.98,32.47,33.05,33.05,"30,879,400"
"Jun 28, 2022",37.13,38.05,34.66,35.03,35.03,"44,122,000"
"Jun 27, 2022",39.25,39.50,35.83,37.32,37.32,"58,165,000"
"Jun 24, 2022",36.45,38.79,36.38,38.52,38.52,"46,653,000"
"Jun 23, 2022",33.85,36.53,33.21,36.38,36.38,"43,753,000"
"Jun 22, 2022",32.44,34.83,32.25,33.85,33.85,"34,586,000"
"Jun 21, 2022",32.40,33.68,32.16,32.83,32.83,"31,601,000"
"Jun 17, 2022",30.69,32.59,30.63,31.69,31.69,"37,008,000"
"Jun 16, 2022",31.48,31.93,29.96,30.52,30.52,"40,943,000"
"Jun 15, 2022",30.57,33.10,30.48,32.60,32.60,"47,767,000"
"Jun 14, 2022",31.66,32.08,29.76,30.35,30.35,"38,194,000"
"Jun 13, 2022",33.14,34.01,31.16,31.29,31.29,"40,666,000"
"Jun 10, 2022",35.50,36.28,33.93,34.84,34.84,"40,240,000"
"Jun 9, 2022",38.52,39.75,37.10,37.14,37.14,"33,993,000"
"Jun 8, 2022",38.10,39.60,37.71,39.15,39.15,"35,180,000"
"Jun 7, 2022",35.41,38.13,35.00,38.07,38.07,"47,707,000"
"Jun 6, 2022",36.70,37.46,35.45,36.06,36.06,"37,865,000"
"Jun 3, 2022",37.99,38.55,34.83,35.37,35.37,"50,216,000"
"Jun 2, 2022",36.25,40.10,36.20,39.89,39.89,"40,150,000"
"Jun 1, 2022",37.96,39.29,35.19,36.15,36.15,"38,709,000"
"May 31, 2022",37.44,38.74,36.22,37.51,37.51,"36,062,000"
"May 27, 2022",35.68,37.18,35.56,36.90,36.90,"31,135,000"
"May 26, 2022",32.97,35.71,32.53,35.13,35.13,"30,734,000"
"May 25, 2022",32.95,33.67,31.80,33.31,33.31,"37,994,000"
"May 24, 2022",35.64,35.64,31.90,32.48,32.48,"44,375,000"
"May 23, 2022",36.20,36.88,34.20,36.85,36.85,"40,429,000"
"May 20, 2022",40.07,40.40,34.00,36.38,36.38,"56,643,000"
"May 19, 2022",36.22,41.37,36.05,39.13,39.13,"76,018,000"
"May 18, 2022",36.31,37.97,35.50,36.06,36.06,"42,404,000"
"May 17, 2022",37.40,38.50,34.64,37.26,37.26,"47,196,000"
"May 16, 2022",39.78,39.82,35.69,35.99,35.99,"54,134,000"
"May 13, 2022",37.22,40.86,37.22,40.25,40.25,"61,514,000"
"May 12, 2022",31.36,38.50,30.81,35.35,35.35,"94,274,000"
"May 11, 2022",33.19,34.60,31.52,31.86,31.86,"63,287,000"
"May 10, 2022",35.49,36.61,31.80,33.54,33.54,"60,862,000"
"May 9, 2022",36.20,37.17,33.73,34.00,34.00,"64,127,000"
"May 6, 2022",40.11,40.15,35.51,37.75,37.75,"102,696,000"
"May 5, 2022",40.76,42.49,39.59,41.31,41.31,"113,608,000"
"May 4, 2022",45.77,48.80,43.91,48.55,48.55,"44,708,000"
"May 3, 2022",45.17,47.53,44.94,46.52,46.52,"37,363,000"
"May 2, 2022",42.12,45.41,42.12,45.30,45.30,"33,719,000"
"Apr 29, 2022",42.20,46.34,42.15,42.68,42.68,"39,769,000"
"Apr 28, 2022",42.88,45.21,41.12,44.33,44.33,"41,856,000"
"Apr 27, 2022",42.40,44.00,41.33,41.62,41.62,"31,913,000"
"Apr 26, 2022",45.51,45.85,42.80,42.81,42.81,"37,412,000"
"Apr 25, 2022",46.20,47.58,45.34,45.92,45.92,"40,069,000"
"Apr 22, 2022",48.00,49.27,45.40,46.00,46.00,"44,860,000"
"Apr 21, 2022",53.50,53.77,47.26,48.10,48.10,"59,355,000"
"Apr 20, 2022",59.30,59.40,52.50,52.50,52.50,"51,187,000"
"Apr 19, 2022",57.75,61.40,57.60,60.56,60.56,"21,425,000"
"Apr 18, 2022",57.50,58.69,55.60,58.10,58.10,"23,199,000"
"Apr 14, 2022",60.24,60.70,57.90,57.95,57.95,"22,825,000"
"Apr 13, 2022",59.10,62.20,57.90,60.48,60.48,"28,847,000"
"Apr 12, 2022",62.76,64.44,59.02,59.11,59.11,"36,801,000"
"Apr 11, 2022",61.45,62.90,59.37,61.74,61.74,"39,027,000"
"Apr 8, 2022",63.93,64.17,60.01,60.32,60.32,"41,833,000"
"Apr 7, 2022",65.60,66.90,62.04,64.40,64.40,"29,001,000"
"Apr 6, 2022",68.46,68.54,63.84,65.66,65.66,"33,372,000"
"Apr 5, 2022",72.90,74.13,69.20,70.29,70.29,"23,784,000"
"Apr 4, 2022",69.64,73.09,69.20,72.73,72.73,"19,590,000"
"Apr 1, 2022",68.76,71.69,67.85,69.30,69.30,"29,412,000"
"Mar 31, 2022",70.85,70.86,67.52,67.60,67.60,"22,227,000"
"Mar 30, 2022",72.57,73.78,69.20,70.56,70.56,"31,929,000"
"Mar 29, 2022",71.68,75.88,70.24,74.40,74.40,"29,475,000"
"Mar 28, 2022",68.50,71.66,67.07,70.16,70.16,"24,524,000"
"Mar 25, 2022",70.50,70.68,66.60,67.95,67.95,"22,331,000"
"Mar 24, 2022",71.03,71.18,68.04,70.50,70.50,"24,119,000"
"Mar 23, 2022",71.50,73.95,69.50,70.36,70.36,"33,973,000"
"Mar 22, 2022",68.92,73.38,67.10,72.70,72.70,"44,498,000"
"Mar 21, 2022",69.90,71.31,65.30,68.35,68.35,"66,699,000"
"Mar 18, 2022",64.99,78.00,64.73,78.00,78.00,"46,309,000"
"Mar 17, 2022",61.22,65.78,60.46,65.74,65.74,"30,356,000"
"Mar 16, 2022",57.46,62.39,56.70,62.24,62.24,"31,596,000"
"Mar 15, 2022",51.86,56.30,51.37,55.34,55.34,"26,554,000"
"Mar 14, 2022",54.14,55.32,51.00,51.26,51.26,"24,949,000"
"Mar 11, 2022",56.90,58.05,54.22,54.44,54.44,"27,361,000"
"Mar 10, 2022",56.72,57.20,54.53,55.32,55.32,"29,826,000"
"Mar 9, 2022",54.50,59.49,53.41,58.76,58.76,"39,836,000"
"Mar 8, 2022",55.26,55.50,51.12,51.49,51.49,"52,423,000"
"Mar 7, 2022",59.90,60.61,55.74,56.08,56.08,"27,626,000"
"Mar 4, 2022",64.10,65.09,59.15,60.08,60.08,"28,135,000"
"Mar 3, 2022",66.49,66.63,63.22,64.07,64.07,"15,530,000"
"Mar 2, 2022",67.14,67.80,63.54,65.98,65.98,"22,121,000"
"Mar 1, 2022",68.89,71.12,67.06,67.34,67.34,"16,118,000"
"Feb 28, 2022",68.98,70.41,66.75,69.43,69.43,"17,032,000"
"Feb 25, 2022",67.73,68.46,64.30,67.69,67.69,"22,754,000"
"Feb 24, 2022",58.50,66.88,58.50,66.40,66.40,"35,520,000"
"Feb 23, 2022",63.48,65.99,62.50,62.66,62.66,"24,329,000"
"Feb 22, 2022",63.20,66.20,62.43,62.62,62.62,"31,565,000"
"Feb 18, 2022",66.28,68.35,64.04,65.69,65.69,"39,739,000"
"Feb 17, 2022",72.71,73.22,65.50,66.00,66.00,"70,505,000"
"Feb 16, 2022",79.99,80.00,72.00,74.68,74.68,"99,250,000"
"Feb 15, 2022",86.44,89.13,84.31,88.95,88.95,"17,269,000"
"Feb 14, 2022",84.64,87.11,83.55,84.75,84.75,"15,799,000"
"Feb 11, 2022",89.21,90.60,83.50,85.40,85.40,"13,525,000"
"Feb 10, 2022",90.00,93.25,88.50,89.33,89.33,"19,135,000"
"Feb 9, 2022",90.52,92.56,88.40,92.50,92.50,"14,855,000"
"Feb 8, 2022",85.90,88.05,85.20,87.80,87.80,"11,550,000"
"Feb 7, 2022",88.16,90.80,85.55,86.69,86.69,"16,540,000"
"Feb 4, 2022",83.00,89.26,81.09,87.60,87.60,"29,425,000"
"Feb 3, 2022",83.00,85.74,80.60,80.94,80.94,"30,260,000"
"Feb 2, 2022",98.35,98.51,86.49,88.59,88.59,"31,831,000"
"Feb 1, 2022",98.43,98.85,93.79,98.42,98.42,"17,521,000"
"Jan 31, 2022",88.19,96.82,87.50,96.42,96.42,"25,004,000"
"Jan 28, 2022",82.50,87.43,79.25,87.22,87.22,"26,570,000"
"Jan 27, 2022",90.47,90.67,81.31,81.58,81.58,"21,541,000"
"Jan 26, 2022",93.70,95.00,85.23,86.89,86.89,"33,160,000"
"Jan 25, 2022",91.00,93.90,84.10,89.24,89.24,"46,759,000"
"Jan 24, 2022",83.40,96.40,78.00,93.85,93.85,"77,556,000"
"Jan 21, 2022",100.47,101.36,86.88,88.21,88.21,"53,351,000"
"Jan 20, 2022",105.00,108.44,102.27,102.39,102.39,"14,176,000"
"Jan 19, 2022",106.82,112.25,103.02,103.10,103.10,"19,601,000"
"Jan 18, 2022",108.72,108.83,102.91,105.47,105.47,"21,871,000"
"Jan 14, 2022",105.30,111.20,104.86,110.29,110.29,"22,203,000"
"Jan 13, 2022",117.00,117.81,106.15,106.44,106.44,"22,801,000"
"Jan 12, 2022",118.52,119.12,115.70,116.88,116.88,"11,329,000"
"Jan 11, 2022",109.70,116.60,108.60,115.73,115.73,"12,626,000"
"Jan 10, 2022",111.70,113.32,106.40,113.12,113.12,"21,126,000"
"Jan 7, 2022",116.90,118.24,112.14,114.45,114.45,"12,887,000"
"Jan 6, 2022",117.24,119.78,113.86,116.89,116.89,"18,043,000"
"Jan 5, 2022",121.35,122.88,117.38,119.00,119.00,"21,152,000"
"Jan 4, 2022",135.65,137.00,121.12,122.19,122.19,"29,443,000"
"Jan 3, 2022",139.19,139.37,133.42,136.31,136.31,"7,156,000"
"Dec 31, 2021",139.99,140.37,137.70,137.74,137.74,"4,713,000"
"Dec 30, 2021",138.81,143.29,138.81,139.82,139.82,"5,688,000"
"Dec 29, 2021",136.90,140.08,135.14,139.21,139.21,"6,410,000"
"Dec 28, 2021",140.82,141.50,136.42,137.56,137.56,"5,830,000"
"Dec 27, 2021",144.36,145.70,139.62,140.06,140.06,"7,207,000"
"Dec 23, 2021",139.00,144.36,138.08,143.93,143.93,"10,960,000"
"Dec 22, 2021",135.95,139.24,135.14,138.56,138.56,"8,331,000"
"Dec 21, 2021",131.25,137.13,130.47,137.01,137.01,"12,592,000"
"Dec 20, 2021",130.74,132.00,127.19,128.22,128.22,"10,738,000"
"Dec 17, 2021",130.54,135.21,128.00,132.34,132.34,"12,093,000"
"Dec 16, 2021",142.80,142.80,129.79,132.69,132.69,"14,065,000"
"Dec 15, 2021",135.20,137.64,128.89,136.81,136.81,"15,768,000"
"Dec 14, 2021",136.80,140.26,132.90,135.43,135.43,"12,079,000"
"Dec 13, 2021",144.76,147.04,137.10,139.71,139.71,"12,730,000"
"Dec 10, 2021",150.85,153.15,144.21,146.16,146.16,"7,941,000"
"Dec 9, 2021",151.50,153.40,148.21,149.49,149.49,"7,961,000"
"Dec 8, 2021",150.86,153.49,149.20,152.03,152.03,"7,767,000"
"Dec 7, 2021",147.14,153.60,146.66,152.05,152.05,"14,649,000"
"Dec 6, 2021",137.31,143.09,134.00,142.81,142.81,"12,083,000"
"Dec 3, 2021",146.60,146.75,135.70,141.00,141.00,"14,152,000"
"Dec 2, 2021",145.75,148.48,143.10,144.71,144.71,"11,223,000"
"Dec 1, 2021",154.66,155.80,145.80,145.97,145.97,"14,490,000"
"Nov 30, 2021",160.05,162.99,151.66,152.18,152.18,"16,144,000"
"Nov 29, 2021",157.73,158.35,152.47,156.70,156.70,"11,188,000"
"Nov 26, 2021",165.00,166.13,157.62,157.67,157.67,"7,558,000"
"Nov 24, 2021",155.54,164.20,154.12,162.87,162.87,"9,714,000"
"Nov 23, 2021",158.80,161.36,153.21,157.31,157.31,"10,588,000"
"Nov 22, 2021",170.10,170.35,158.05,159.50,159.50,"13,559,000"
"Nov 19, 2021",171.80,176.29,168.51,169.06,169.06,"15,061,000"
"Nov 18, 2021",164.60,169.76,163.72,168.13,168.13,"9,685,000"
"Nov 17, 2021",165.81,167.68,163.57,163.78,163.78,"6,078,000"
"Nov 16, 2021",163.00,171.45,162.85,167.53,167.53,"9,160,000"
"Nov 15, 2021",165.34,170.44,163.25,165.65,165.65,"14,730,000"
"Nov 12, 2021",152.10,167.48,151.00,166.95,166.95,"28,396,000"
"Nov 11, 2021",150.05,151.20,149.00,149.03,149.03,"5,458,000"
"Nov 10, 2021",153.74,154.49,147.00,147.40,147.40,"6,922,000"
"Nov 9, 2021",154.60,156.31,151.98,155.49,155.49,"5,945,000"
"Nov 8, 2021",154.00,156.43,152.20,153.38,153.38,"7,644,000"
"Nov 5, 2021",153.50,155.00,151.02,152.81,152.81,"6,538,000"
"Nov 4, 2021",151.53,154.92,149.55,154.06,154.06,"9,932,000"
"Nov 3, 2021",149.53,149.72,145.21,149.53,149.53,"7,089,000"
"Nov 2, 2021",152.30,153.40,147.10,147.66,147.66,"9,064,000"
"Nov 1, 2021",146.51,153.18,146.00,152.76,152.76,"15,488,000"
"Oct 29, 2021",143.50,148.82,141.98,146.67,146.67,"12,632,000"
"Oct 28, 2021",135.00,150.47,132.85,145.70,145.70,"37,595,000"
"Oct 27, 2021",136.40,137.92,133.61,136.11,136.11,"14,520,000"
"Oct 26, 2021",142.80,143.01,135.77,136.37,136.37,"12,910,000"
"Oct 25, 2021",142.89,143.90,139.50,142.52,142.52,"8,001,000"
"Oct 22, 2021",147.00,147.29,140.45,142.59,142.59,"15,291,000"
"Oct 21, 2021",147.22,150.67,147.22,149.67,149.67,"6,267,000"
"Oct 20, 2021",149.79,150.23,146.20,148.75,148.75,"7,125,000"
"Oct 19, 2021",147.99,150.20,147.00,148.57,148.57,"7,261,000"
"Oct 18, 2021",142.50,146.60,141.80,146.51,146.51,"8,406,000"
"Oct 15, 2021",141.48,142.99,139.71,142.46,142.46,"7,320,000"
"Oct 14, 2021",141.32,142.70,140.17,140.68,140.68,"6,224,000"
"Oct 13, 2021",137.70,139.95,136.87,139.90,139.90,"6,402,000"
"Oct 12, 2021",136.99,137.90,135.10,135.72,135.72,"5,998,000"
"Oct 11, 2021",136.90,138.55,135.30,135.70,135.70,"6,229,000"
"Oct 8, 2021",141.78,142.90,137.24,137.80,137.80,"8,904,000"
"Oct 7, 2021",137.30,140.65,136.52,139.85,139.85,"11,086,000"
"Oct 6, 2021",131.17,135.90,130.54,134.99,134.99,"8,602,000"
"Oct 5, 2021",131.25,135.60,131.25,131.81,131.81,"7,878,000"
"Oct 4, 2021",132.63,133.90,128.59,131.49,131.49,"11,739,000"
"Oct 1, 2021",136.25,136.98,133.93,135.08,135.08,"7,294,000"
"Sep 30, 2021",134.70,137.70,134.70,135.58,135.58,"7,658,000"
"Sep 29, 2021",138.10,139.30,134.11,134.65,134.65,"10,059,000"
"Sep 28, 2021",142.00,142.55,135.90,136.93,136.93,"13,280,000"
"Sep 27, 2021",143.60,145.17,141.43,144.38,144.38,"7,652,000"
"Sep 24, 2021",147.34,147.60,142.80,144.40,144.40,"8,684,000"
"Sep 23, 2021",147.40,148.50,145.60,147.66,147.66,"6,196,000"
"Sep 22, 2021",144.50,147.47,142.90,146.59,146.59,"5,932,000"
"Sep 21, 2021",144.50,144.87,142.34,143.71,143.71,"7,709,000"
"Sep 20, 2021",144.00,146.48,140.11,143.45,143.45,"12,677,000"
"Sep 17, 2021",146.67,148.75,145.22,148.63,148.63,"5,468,000"
"Sep 16, 2021",146.90,147.93,145.10,147.60,147.60,"7,566,000"
"Sep 15, 2021",145.50,147.76,143.31,147.49,147.49,"6,501,000"
"Sep 14, 2021",147.54,149.14,144.30,145.13,145.13,"7,795,000"
"Sep 13, 2021",149.20,149.54,143.24,147.69,147.69,"9,754,000"
"Sep 10, 2021",151.50,151.77,147.95,148.41,148.41,"5,024,000"
"Sep 9, 2021",149.10,151.93,148.59,150.41,150.41,"6,623,000"
"Sep 8, 2021",153.70,153.79,147.57,147.78,147.78,"10,681,000"
"Sep 7, 2021",155.47,156.38,152.69,153.67,153.67,"6,118,000"
"Sep 3, 2021",154.50,156.80,154.10,155.43,155.43,"6,015,000"
"Sep 2, 2021",154.24,158.80,153.84,154.26,154.26,"9,417,000"
"Sep 1, 2021",152.76,155.22,152.33,153.90,153.90,"5,750,000"
"Aug 31, 2021",155.42,155.42,152.13,152.48,152.48,"5,201,000"
"Aug 30, 2021",154.09,156.00,152.80,154.90,154.90,"6,600,000"
"Aug 27, 2021",151.70,153.90,151.11,153.14,153.14,"5,210,000"
"Aug 26, 2021",154.90,155.69,151.42,151.56,151.56,"6,271,000"
"Aug 25, 2021",154.15,155.60,151.16,155.22,155.22,"8,031,000"
"Aug 24, 2021",151.00,156.20,151.00,153.85,153.85,"13,568,000"
"Aug 23, 2021",145.62,148.82,145.31,148.14,148.14,"8,694,000"
"Aug 20, 2021",147.76,148.58,143.75,145.07,145.07,"7,835,000"
"Aug 19, 2021",147.20,149.96,146.31,146.61,146.61,"6,250,000"
"Aug 18, 2021",147.46,151.40,147.12,148.92,148.92,"8,204,000"
"Aug 17, 2021",148.57,149.33,145.81,148.19,148.19,"11,452,000"
"Aug 16, 2021",149.15,153.46,146.87,148.90,148.90,"12,804,000"
"Aug 13, 2021",150.00,150.50,147.50,149.80,149.80,"6,226,000"
"Aug 12, 2021",148.25,151.40,145.59,150.32,150.32,"10,821,000"
"Aug 11, 2021",153.63,153.74,148.08,148.52,148.52,"9,219,000"
"Aug 10, 2021",155.70,158.34,151.44,152.59,152.59,"12,075,000"
"Aug 9, 2021",152.58,155.20,151.01,155.00,155.00,"10,938,000"
"Aug 6, 2021",153.29,155.10,150.13,152.51,152.51,"6,929,000"
"Aug 5, 2021",155.32,157.60,153.38,154.55,154.55,"8,228,000"
"Aug 4, 2021",152.41,155.82,151.70,155.55,155.55,"6,691,000"
"Aug 3, 2021",154.21,155.98,149.90,152.26,152.26,"16,119,000"
"Aug 2, 2021",150.38,155.50,149.31,153.87,153.87,"14,319,000"
"Jul 30, 2021",149.99,152.99,149.02,149.99,149.99,"10,310,000"
"Jul 29, 2021",152.81,156.02,151.00,152.50,152.50,"17,606,000"
"Jul 28, 2021",157.70,158.32,149.70,153.80,153.80,"22,118,000"
"Jul 27, 2021",158.20,160.24,151.30,155.51,155.51,"17,331,000"
"Jul 26, 2021",164.92,165.00,157.67,158.23,158.23,"14,330,000"
"Jul 23, 2021",160.80,165.00,159.59,164.33,164.33,"14,018,000"
"Jul 22, 2021",156.43,160.26,156.43,159.41,159.41,"18,516,000"
"Jul 21, 2021",151.75,156.94,151.56,156.94,156.94,"13,495,000"
"Jul 20, 2021",147.74,153.35,145.82,152.48,152.48,"12,863,000"
"Jul 19, 2021",141.52,147.54,139.30,147.20,147.20,"14,301,000"
"Jul 16, 2021",145.43,146.38,142.60,144.26,144.26,"9,597,000"
"Jul 15, 2021",147.60,148.11,142.00,144.15,144.15,"11,672,000"
"Jul 14, 2021",153.50,155.00,145.90,146.30,146.30,"14,591,000"
"Jul 13, 2021",149.26,153.23,149.07,151.65,151.65,"11,928,000"
"Jul 12, 2021",150.29,153.02,147.60,149.47,149.47,"11,842,000"
"Jul 9, 2021",147.25,149.69,145.79,149.50,149.50,"12,576,000"
"Jul 8, 2021",147.50,149.95,145.23,146.33,146.33,"16,595,000"
"Jul 7, 2021",155.10,158.77,150.84,152.02,152.02,"16,647,000"
"Jul 6, 2021",146.81,154.10,146.76,153.80,153.80,"19,334,000"
"Jul 2, 2021",147.00,149.80,144.90,146.48,146.48,"10,431,000"
"Jul 1, 2021",146.10,146.95,144.20,145.80,145.80,"7,634,000"
"Jun 30, 2021",147.86,149.18,145.40,146.10,146.10,"10,441,000"
"Jun 29, 2021",149.71,151.30,147.32,148.30,148.30,"10,581,000"
"Jun 28, 2021",148.38,152.31,147.80,149.50,149.50,"12,812,000"
"Jun 25, 2021",148.99,148.99,142.90,147.35,147.35,"18,024,000"
"Jun 24, 2021",151.34,152.98,147.37,147.90,147.90,"13,401,000"
"Jun 23, 2021",151.09,153.50,149.43,150.05,150.05,"13,716,000"
"Jun 22, 2021",148.00,151.64,146.70,150.84,150.84,"21,680,000"
"Jun 21, 2021",147.33,155.22,145.25,148.02,148.02,"32,540,000"
"Jun 18, 2021",143.50,148.55,143.45,146.69,146.69,"25,490,000"
"Jun 17, 2021",135.23,146.10,135.10,144.93,144.93,"31,473,000"
"Jun 16, 2021",132.43,137.70,131.83,136.63,136.63,"23,230,000"
"Jun 15, 2021",130.90,135.00,128.60,132.11,132.11,"17,222,000"
"Jun 14, 2021",124.70,131.09,124.53,130.66,130.66,"14,477,000"
"Jun 11, 2021",123.82,125.00,122.80,124.70,124.70,"8,850,000"
"Jun 10, 2021",121.50,123.71,119.81,123.11,123.11,"9,893,000"
"Jun 9, 2021",122.75,124.28,121.50,121.56,121.56,"5,163,000"
"Jun 8, 2021",124.40,125.22,121.00,123.07,123.07,"7,119,000"
"Jun 7, 2021",120.91,123.12,118.25,123.06,123.06,"6,860,000"
"Jun 4, 2021",121.00,122.44,120.22,120.57,120.57,"6,260,000"
"Jun 3, 2021",122.30,122.82,119.55,119.90,119.90,"8,098,000"
"Jun 2, 2021",125.80,126.58,121.80,122.96,122.96,"9,914,000"
"Jun 1, 2021",125.42,127.89,124.46,125.16,125.16,"11,748,000"
"May 28, 2021",124.84,127.18,124.17,124.29,124.29,"8,817,000"
"May 27, 2021",123.19,125.72,121.46,124.08,124.08,"10,401,000"
"May 26, 2021",124.85,126.80,123.20,123.88,123.88,"11,206,000"
"May 25, 2021",126.70,128.10,123.20,124.00,124.00,"14,564,000"
"May 24, 2021",122.48,127.83,121.60,126.14,126.14,"13,985,000"
"May 21, 2021",122.40,124.60,119.20,122.41,122.41,"16,825,000"
"May 20, 2021",118.00,122.42,117.00,121.49,121.49,"15,517,000"
"May 19, 2021",110.60,117.26,110.20,117.04,117.04,"19,420,000"
"May 18, 2021",110.50,115.26,109.14,113.34,113.34,"19,158,000"
"May 17, 2021",107.65,111.46,107.01,109.64,109.64,"10,860,000"
"May 14, 2021",106.70,108.81,104.40,108.50,108.50,"10,558,000"
"May 13, 2021",110.23,110.90,102.51,104.78,104.78,"15,549,000"
"May 12, 2021",108.30,110.59,105.57,108.39,108.39,"13,861,000"
"May 11, 2021",104.00,112.16,103.18,111.02,111.02,"19,243,000"
"May 10, 2021",109.90,110.24,106.00,108.02,108.02,"13,905,000"
"May 7, 2021",111.82,112.86,109.31,110.86,110.86,"15,599,000"
"May 6, 2021",111.30,112.58,106.72,109.09,109.09,"22,406,000"
"May 5, 2021",115.10,115.78,110.99,112.04,112.04,"12,660,000"
"May 4, 2021",111.50,114.40,107.20,114.29,114.29,"20,933,000"
"May 3, 2021",118.67,119.44,111.92,112.20,112.20,"13,983,000"
"Apr 30, 2021",121.58,122.74,117.56,118.25,118.25,"15,854,000"
"Apr 29, 2021",129.95,130.00,122.81,123.31,123.31,"16,526,000"
"Apr 28, 2021",121.68,130.16,119.28,128.88,128.88,"39,021,000"
"Apr 27, 2021",116.60,116.91,113.44,115.69,115.69,"12,861,000"
"Apr 26, 2021",111.17,116.60,110.73,116.60,116.60,"14,914,000"
"Apr 23, 2021",110.39,110.96,108.73,109.90,109.90,"11,936,000"
"Apr 22, 2021",115.72,115.72,109.20,109.66,109.66,"10,819,000"
"Apr 21, 2021",111.61,114.98,111.00,114.21,114.21,"6,237,000"
"Apr 20, 2021",113.80,115.82,110.72,112.30,112.30,"8,610,000"
"Apr 19, 2021",119.20,120.23,114.32,114.58,114.58,"9,309,000"
"Apr 16, 2021",121.10,121.92,118.78,120.78,120.78,"7,345,000"
"Apr 15, 2021",120.00,122.20,118.70,120.83,120.83,"9,545,000"
"Apr 14, 2021",124.80,125.00,117.60,117.99,117.99,"13,165,000"
"Apr 13, 2021",121.50,124.82,121.50,124.15,124.15,"10,923,000"
"Apr 12, 2021",122.00,122.60,118.74,120.20,120.20,"10,305,000"
"Apr 9, 2021",121.20,123.45,119.02,122.73,122.73,"12,388,000"
"Apr 8, 2021",118.25,122.45,118.00,122.27,122.27,"15,816,000"
"Apr 7, 2021",115.00,117.50,114.38,115.95,115.95,"6,646,000"
"Apr 6, 2021",114.40,117.97,114.40,115.61,115.61,"7,102,000"
"Apr 5, 2021",117.51,117.80,113.59,114.60,114.60,"7,347,000"
"Apr 1, 2021",115.00,117.90,113.70,115.54,115.54,"11,602,000"
"Mar 31, 2021",106.80,111.95,106.50,110.65,110.65,"13,838,000"
"Mar 30, 2021",102.85,107.42,101.28,104.87,104.87,"15,133,000"
"Mar 29, 2021",105.36,107.58,102.86,103.99,103.99,"10,552,000"
"Mar 26, 2021",105.26,108.50,100.51,106.52,106.52,"28,402,000"
"Mar 25, 2021",109.01,110.40,105.13,106.17,106.17,"17,682,000"
"Mar 24, 2021",117.68,118.50,110.24,110.60,110.60,"10,708,000"
"Mar 23, 2021",116.50,116.85,114.23,116.20,116.20,"8,967,000"
"Mar 22, 2021",112.31,116.08,112.04,116.00,116.00,"9,041,000"
"Mar 19, 2021",111.90,113.74,110.44,112.10,112.10,"8,113,000"
"Mar 18, 2021",114.50,114.80,110.63,111.71,111.71,"10,418,000"
"Mar 17, 2021",112.23,117.86,109.80,116.92,116.92,"9,168,000"
"Mar 16, 2021",118.31,119.00,112.40,114.32,114.32,"10,698,000"
"Mar 15, 2021",113.72,115.91,111.00,115.90,115.90,"7,090,000"
"Mar 12, 2021",112.20,114.63,109.30,114.06,114.06,"10,884,000"
"Mar 11, 2021",111.95,115.82,108.69,114.22,114.22,"16,604,000"
"Mar 10, 2021",116.96,117.00,107.95,108.79,108.79,"20,534,000"
"Mar 9, 2021",112.37,114.79,110.15,113.07,113.07,"18,584,000"
"Mar 8, 2021",112.60,116.40,107.08,107.24,107.24,"24,598,000"
"Mar 5, 2021",115.50,115.50,102.16,113.10,113.10,"39,430,000"
"Mar 4, 2021",119.99,122.03,111.36,114.94,114.94,"27,452,000"
"Mar 3, 2021",128.83,130.00,121.83,122.03,122.03,"11,563,000"
"Mar 2, 2021",131.78,131.78,125.50,130.91,130.91,"12,761,000"
"Mar 1, 2021",131.50,133.00,128.10,130.99,130.99,"12,698,000"
"Feb 26, 2021",125.47,129.80,123.70,128.10,128.10,"13,237,000"
"Feb 25, 2021",130.14,132.12,122.62,124.51,124.51,"18,641,000"
"Feb 24, 2021",130.53,132.00,126.35,130.12,130.12,"11,156,000"
"Feb 23, 2021",126.98,132.21,120.54,130.02,130.02,"34,488,000"
"Feb 22, 2021",139.78,141.48,136.06,138.13,138.13,"13,880,000"
"Feb 19, 2021",139.70,143.86,137.65,143.50,143.50,"13,248,000"
"Feb 18, 2021",139.31,141.50,137.52,138.46,138.46,"12,521,000"
"Feb 17, 2021",138.42,145.96,134.50,142.50,142.50,"36,524,000"
"Feb 16, 2021",146.85,149.23,142.80,147.40,147.40,"15,742,000"
"Feb 12, 2021",145.70,147.30,143.14,145.55,145.55,"10,125,000"
"Feb 11, 2021",147.56,148.20,143.80,146.33,146.33,"9,224,000"
"Feb 10, 2021",144.80,149.98,140.82,146.24,146.24,"20,917,000"
"Feb 9, 2021",136.55,145.35,135.60,143.30,143.30,"21,341,000"
"Feb 8, 2021",130.39,134.83,129.30,134.51,134.51,"12,466,000"
"Feb 5, 2021",126.15,129.68,125.26,128.77,128.77,"10,475,000"
"Feb 4, 2021",124.13,128.16,123.34,126.09,126.09,"14,237,000"
"Feb 3, 2021",123.54,124.60,119.52,122.42,122.42,"11,629,000"
"Feb 2, 2021",116.65,123.83,116.12,123.54,123.54,"17,418,000"
"Feb 1, 2021",110.60,114.90,109.97,114.49,114.49,"10,833,000"
"Jan 29, 2021",112.00,112.48,108.10,109.86,109.86,"10,061,000"
"Jan 28, 2021",111.02,113.87,109.06,112.06,112.06,"7,744,000"
"Jan 27, 2021",114.99,114.99,108.10,109.21,109.21,"16,102,000"
"Jan 26, 2021",120.82,121.61,115.74,115.98,115.98,"9,855,000"
"Jan 25, 2021",120.62,124.75,116.55,120.59,120.59,"14,883,000"
"Jan 22, 2021",118.75,120.16,117.72,119.67,119.67,"6,247,000"
"Jan 21, 2021",121.40,121.63,118.10,119.82,119.82,"7,011,000"
"Jan 20, 2021",118.07,121.63,117.53,120.10,120.10,"8,119,000"
"Jan 19, 2021",118.69,119.07,115.02,117.40,117.40,"7,765,000"
"Jan 15, 2021",119.02,119.30,114.70,117.05,117.05,"8,933,000"
"Jan 14, 2021",122.90,123.01,117.07,117.89,117.89,"11,838,000"
"Jan 13, 2021",119.20,120.20,116.95,119.98,119.98,"6,938,000"
"Jan 12, 2021",118.80,120.58,116.54,118.82,118.82,"9,022,000"
"Jan 11, 2021",117.05,121.77,116.00,117.76,117.76,"11,108,000"
"Jan 8, 2021",117.20,119.49,115.15,118.89,118.89,"13,781,000"
"Jan 7, 2021",110.20,116.17,110.20,115.95,115.95,"13,765,000"
"Jan 6, 2021",109.75,110.90,107.61,108.73,108.73,"12,687,000"
"Jan 5, 2021",109.44,111.87,108.56,111.87,111.87,"9,055,000"
"Jan 4, 2021",113.80,114.29,107.79,109.24,109.24,"16,449,000"
"Dec 31, 2020",116.35,116.35,112.82,113.19,113.19,"8,184,000"
"Dec 30, 2020",117.81,118.06,114.28,116.30,116.30,"7,909,000"
"Dec 29, 2020",116.80,120.05,114.63,117.16,117.16,"14,220,000"
"Dec 28, 2020",122.99,123.15,113.72,114.71,114.71,"18,963,000"
"Dec 24, 2020",121.60,123.90,120.95,122.55,122.55,"9,255,000"
"Dec 23, 2020",127.50,127.62,119.74,119.80,119.80,"21,284,000"
"Dec 22, 2020",120.39,128.52,120.02,127.71,127.71,"24,992,000"
"Dec 21, 2020",116.50,120.52,114.50,119.73,119.73,"15,173,000"
"Dec 18, 2020",118.18,118.42,116.11,117.10,117.10,"11,146,000"
"Dec 17, 2020",116.30,120.69,115.04,118.00,118.00,"22,951,000"
"Dec 16, 2020",107.26,116.42,107.17,115.73,115.73,"30,927,000"
"Dec 15, 2020",105.42,108.62,105.07,107.41,107.41,"8,042,000"
"Dec 14, 2020",105.00,107.93,103.92,105.92,105.92,"11,319,000"
"Dec 11, 2020",106.50,107.50,103.80,105.79,105.79,"7,389,000"
"Dec 10, 2020",101.75,107.30,101.70,106.74,106.74,"9,805,000"
"Dec 9, 2020",110.00,110.29,102.84,103.82,103.82,"14,300,000"
"Dec 8, 2020",108.90,110.70,108.30,110.21,110.21,"10,871,000"
"Dec 7, 2020",105.80,108.80,105.60,108.44,108.44,"9,347,000"
"Dec 4, 2020",106.80,107.93,105.11,105.39,105.39,"8,527,000"
"Dec 3, 2020",108.20,111.24,106.13,106.27,106.27,"15,156,000"
"Dec 2, 2020",105.10,108.34,103.60,107.94,107.94,"12,523,000"
"Dec 1, 2020",108.04,108.77,105.10,106.91,106.91,"17,298,000"
"Nov 30, 2020",104.50,109.47,103.50,109.04,109.04,"26,049,000"
"Nov 27, 2020",102.82,104.40,100.93,103.44,103.44,"11,854,000"
"Nov 25, 2020",97.64,102.11,97.50,101.95,101.95,"15,917,000"
"Nov 24, 2020",97.80,98.01,96.30,97.12,97.12,"8,597,000"
"Nov 23, 2020",98.85,98.97,96.32,98.00,98.00,"12,007,000"
"Nov 20, 2020",97.60,99.80,97.30,98.85,98.85,"16,837,000"
"Nov 19, 2020",94.60,98.15,93.73,96.68,96.68,"18,982,000"
"Nov 18, 2020",91.50,93.60,90.51,93.14,93.14,"10,000,000"
"Nov 17, 2020",92.50,92.98,90.52,91.40,91.40,"7,602,000"
"Nov 16, 2020",89.01,91.94,88.00,91.92,91.92,"15,217,000"
"Nov 13, 2020",93.45,93.69,90.84,91.83,91.83,"8,678,000"
"Nov 12, 2020",94.60,95.48,92.17,92.58,92.58,"12,230,000"
"Nov 11, 2020",90.40,94.82,89.86,94.72,94.72,"17,331,000"
"Nov 10, 2020",91.20,92.40,87.50,88.58,88.58,"29,365,000"
"Nov 9, 2020",99.00,99.17,90.00,90.26,90.26,"39,158,000"
"Nov 6, 2020",103.10,104.51,100.31,104.50,104.50,"11,536,000"
"Nov 5, 2020",102.70,103.88,100.30,103.65,103.65,"12,611,000"
"Nov 4, 2020",97.60,100.27,95.50,99.60,99.60,"15,923,000"
"Nov 3, 2020",92.30,95.29,91.05,94.17,94.17,"11,108,000"
"Nov 2, 2020",93.46,95.43,89.89,91.50,91.50,"15,234,000"
"Oct 30, 2020",97.39,98.73,90.62,92.54,92.54,"26,758,000"
"Oct 29, 2020",105.26,105.46,97.50,97.70,97.70,"34,668,000"
"Oct 28, 2020",105.82,106.71,101.68,102.67,102.67,"16,774,000"
"Oct 27, 2020",106.69,108.80,105.74,108.29,108.29,"16,831,000"
"Oct 26, 2020",101.90,104.44,100.81,103.81,103.81,"14,135,000"
"Oct 23, 2020",100.15,102.70,99.63,102.62,102.62,"10,336,000"
"Oct 22, 2020",102.68,103.39,99.05,100.71,100.71,"9,814,000"
"Oct 21, 2020",105.49,106.90,101.80,102.20,102.20,"9,944,000"
"Oct 20, 2020",106.80,107.84,104.60,105.65,105.65,"8,932,000"
"Oct 19, 2020",107.08,109.02,105.48,106.90,106.90,"9,751,000"
"Oct 16, 2020",108.60,110.35,106.38,106.72,106.72,"10,615,000"
"Oct 15, 2020",105.80,108.28,104.40,107.83,107.83,"10,577,000"
"Oct 14, 2020",111.10,111.43,106.66,108.21,108.21,"11,995,000"
"Oct 13, 2020",109.60,110.99,108.64,110.66,110.66,"11,218,000"
"Oct 12, 2020",110.51,113.00,108.53,109.00,109.00,"13,238,000"
"Oct 9, 2020",107.26,109.89,107.00,109.60,109.60,"11,277,000"
"Oct 8, 2020",108.11,108.68,105.62,106.92,106.92,"10,788,000"
"Oct 7, 2020",105.92,107.79,104.82,107.34,107.34,"12,525,000"
"Oct 6, 2020",106.80,108.20,103.00,104.13,104.13,"14,524,000"
"Oct 5, 2020",103.60,106.59,101.44,106.55,106.55,"15,686,000"
"Oct 2, 2020",102.05,105.40,101.70,102.90,102.90,"13,282,000"
"Oct 1, 2020",103.06,106.34,102.61,105.44,105.44,"17,544,000"
"Sep 30, 2020",103.77,104.30,101.43,102.30,102.30,"19,313,000"
"Sep 29, 2020",96.96,103.00,96.14,102.57,102.57,"31,176,000"
"Sep 28, 2020",97.00,98.37,95.10,96.65,96.65,"18,709,000"
"Sep 25, 2020",91.97,96.13,91.12,96.09,96.09,"19,808,000"
"Sep 24, 2020",90.96,92.70,89.42,90.86,90.86,"16,441,000"
"Sep 23, 2020",94.70,95.40,91.07,91.88,91.88,"18,302,000"
"Sep 22, 2020",94.04,95.69,90.47,95.43,95.43,"24,901,000"
"Sep 21, 2020",88.31,92.91,88.10,92.79,92.79,"22,292,000"
"Sep 18, 2020",88.40,90.84,86.68,90.13,90.13,"24,375,000"
"Sep 17, 2020",85.89,87.47,83.94,87.08,87.08,"37,588,000"
"Sep 16, 2020",93.80,93.90,88.45,88.52,88.52,"36,321,000"
"Sep 15, 2020",93.18,95.30,92.30,92.94,92.94,"18,332,000"
"Sep 14, 2020",92.77,94.69,91.91,93.18,93.18,"16,620,000"
"Sep 11, 2020",94.80,94.80,89.75,91.45,91.45,"16,423,000"
"Sep 10, 2020",97.00,97.50,92.54,93.42,93.42,"17,211,000"
"Sep 9, 2020",95.50,97.00,93.20,94.93,94.93,"18,105,000"
"Sep 8, 2020",92.09,95.40,90.64,91.74,91.74,"21,049,000"
"Sep 4, 2020",99.62,101.90,89.65,97.30,97.30,"34,701,000"
"Sep 3, 2020",104.44,105.87,99.39,101.57,101.57,"29,317,000"
"Sep 2, 2020",114.20,114.50,106.25,107.46,107.46,"27,065,000"
"Sep 1, 2020",107.50,114.69,107.39,113.43,113.43,"20,827,000"
"Aug 31, 2020",104.85,107.39,103.50,106.64,106.64,"11,264,000"
"Aug 28, 2020",106.71,107.90,103.94,104.21,104.21,"13,375,000"
"Aug 27, 2020",108.18,108.93,104.93,105.35,105.35,"15,537,000"
"Aug 26, 2020",104.90,111.60,104.62,108.93,108.93,"28,068,000"
"Aug 25, 2020",99.10,103.88,99.10,103.72,103.72,"16,919,000"
"Aug 24, 2020",103.20,103.38,98.89,99.93,99.93,"18,207,000"
"Aug 21, 2020",103.60,104.70,101.50,102.11,102.11,"12,874,000"
"Aug 20, 2020",100.41,104.36,99.92,103.96,103.96,"13,324,000"
"Aug 19, 2020",102.20,104.30,100.30,100.91,100.91,"12,322,000"
"Aug 18, 2020",102.10,102.70,99.32,102.47,102.47,"12,876,000"
"Aug 17, 2020",99.90,101.96,99.55,101.30,101.30,"12,691,000"
"Aug 14, 2020",100.23,100.70,97.85,98.79,98.79,"15,991,000"
"Aug 13, 2020",100.50,102.40,98.70,99.99,99.99,"14,018,000"
"Aug 12, 2020",98.39,100.79,98.00,99.10,99.10,"17,039,000"
"Aug 11, 2020",99.96,101.50,96.47,97.20,97.20,"22,709,000"
"Aug 10, 2020",105.50,106.40,98.74,100.56,100.56,"24,052,000"
"Aug 7, 2020",108.00,109.29,103.03,105.31,105.31,"16,345,000"
"Aug 6, 2020",109.33,109.97,106.88,108.81,108.81,"12,872,000"
"Aug 5, 2020",107.90,110.50,107.01,109.46,109.46,"15,516,000"
"Aug 4, 2020",107.40,108.29,105.40,108.00,108.00,"16,184,000"
"Aug 3, 2020",103.20,108.93,102.90,108.31,108.31,"26,466,000"
"Jul 31, 2020",106.50,106.77,101.21,102.40,102.40,"23,325,000"
"Jul 30, 2020",104.83,106.21,100.30,104.88,104.88,"27,839,000"
"Jul 29, 2020",110.74,110.79,103.80,105.36,105.36,"64,923,000"
"Jul 28, 2020",100.71,101.49,97.52,98.50,98.50,"38,474,000"
"Jul 27, 2020",94.76,97.75,93.51,97.64,97.64,"26,899,000"
"Jul 24, 2020",90.60,94.18,88.32,92.98,92.98,"24,188,000"
"Jul 23, 2020",96.68,98.00,91.11,92.84,92.84,"30,173,000"
"Jul 22, 2020",96.47,98.06,94.00,95.73,95.73,"21,821,000"
"Jul 21, 2020",102.22,102.50,94.82,95.28,95.28,"30,326,000"
"Jul 20, 2020",92.90,101.18,91.82,100.94,100.94,"31,615,000"
"Jul 17, 2020",93.22,94.10,90.61,92.81,92.81,"20,398,000"
"Jul 16, 2020",94.20,95.28,91.54,92.55,92.55,"20,861,000"
"Jul 15, 2020",97.40,98.00,93.40,95.94,95.94,"23,385,000"
"Jul 14, 2020",97.00,99.80,90.17,97.44,97.44,"35,915,000"
"Jul 13, 2020",104.30,107.50,93.51,96.88,96.88,"39,009,000"
"Jul 10, 2020",104.00,104.49,101.81,103.19,103.19,"17,084,000"
"Jul 9, 2020",102.50,105.22,101.29,104.00,104.00,"28,653,000"
"Jul 8, 2020",102.73,103.53,100.25,101.73,101.73,"20,572,000"
"Jul 7, 2020",98.50,104.00,97.30,101.40,101.40,"32,909,000"
"Jul 6, 2020",105.25,105.90,98.36,98.68,98.68,"43,507,000"
"Jul 2, 2020",103.50,105.94,102.20,103.00,103.00,"34,594,000"
"Jul 1, 2020",94.80,101.79,94.80,101.66,101.66,"34,483,000"
"Jun 30, 2020",92.55,95.88,92.20,94.92,94.92,"27,491,000"
"Jun 29, 2020",91.40,92.30,87.64,92.24,92.24,"27,405,000"
"Jun 26, 2020",91.60,92.70,89.40,91.00,91.00,"27,208,000"
"Jun 25, 2020",88.66,91.76,87.32,91.63,91.63,"24,192,000"
"Jun 24, 2020",91.00,92.40,86.80,89.70,89.70,"34,200,000"
"Jun 23, 2020",91.92,92.80,90.73,91.13,91.13,"24,304,000"
"Jun 22, 2020",89.51,90.99,89.21,90.48,90.48,"23,956,000"
"Jun 19, 2020",87.60,89.56,86.60,88.10,88.10,"40,203,000"
"Jun 18, 2020",83.25,86.97,83.05,86.36,86.36,"30,858,000"
"Jun 17, 2020",81.30,82.75,81.06,81.74,81.74,"18,431,000"
"Jun 16, 2020",80.90,81.68,78.75,80.58,80.58,"26,388,000"
"Jun 15, 2020",77.70,80.74,76.99,80.55,80.55,"40,607,000"
"Jun 12, 2020",73.93,74.50,71.32,74.26,74.26,"21,233,000"
"Jun 11, 2020",73.33,76.55,72.40,72.51,72.51,"22,880,000"
"Jun 10, 2020",75.70,75.85,73.25,74.36,74.36,"14,921,000"
"Jun 9, 2020",74.39,75.48,73.32,74.17,74.17,"15,170,000"
"Jun 8, 2020",71.50,73.11,70.80,73.07,73.07,"18,895,000"
"Jun 5, 2020",72.11,74.09,70.20,72.78,72.78,"24,773,000"
"Jun 4, 2020",76.39,77.72,72.60,73.52,73.52,"27,672,000"
"Jun 3, 2020",77.79,77.91,75.84,76.20,76.20,"18,920,000"
"Jun 2, 2020",76.44,78.43,74.40,77.95,77.95,"26,644,000"
"Jun 1, 2020",75.47,75.93,73.95,75.80,75.80,"18,433,000"
"May 29, 2020",75.61,76.94,73.80,75.78,75.78,"33,026,000"
"May 28, 2020",72.80,77.04,72.78,74.44,74.44,"37,530,000"
"May 27, 2020",75.50,75.70,68.50,75.00,75.00,"68,596,000"
"May 26, 2020",84.20,84.40,74.24,76.79,76.79,"64,651,000"
"May 22, 2020",80.46,82.64,79.36,82.52,82.52,"27,736,000"
"May 21, 2020",79.19,80.99,78.21,80.24,80.24,"41,365,000"
"May 20, 2020",76.80,77.80,75.17,77.80,77.80,"32,390,000"
"May 19, 2020",74.54,76.50,71.32,75.30,75.30,"52,644,000"
"May 18, 2020",77.00,77.07,73.30,73.80,73.80,"36,674,000"
"May 15, 2020",75.43,77.48,75.13,76.70,76.70,"30,235,000"
"May 14, 2020",74.99,75.81,73.30,75.43,75.43,"28,475,000"
"May 13, 2020",75.00,76.86,71.73,75.44,75.44,"43,696,000"
"May 12, 2020",76.90,77.10,73.39,74.23,74.23,"36,961,000"
"May 11, 2020",70.70,75.25,70.38,75.03,75.03,"36,738,000"
"May 8, 2020",70.56,72.10,70.30,70.90,70.90,"40,787,000"
"May 7, 2020",71.99,73.87,71.50,72.28,72.28,"46,034,000"
"May 6, 2020",67.29,73.92,66.90,73.35,73.35,"69,252,000"
"May 5, 2020",67.00,70.47,66.20,68.61,68.61,"51,437,000"
"May 4, 2020",62.06,65.89,61.70,65.89,65.89,"27,598,000"
"May 1, 2020",61.50,62.79,59.50,61.36,61.36,"25,212,000"
"Apr 30, 2020",62.50,64.60,62.30,63.23,63.23,"24,460,000"
"Apr 29, 2020",63.70,64.56,62.11,64.00,64.00,"24,039,000"
"Apr 28, 2020",63.40,63.98,61.01,63.37,63.37,"36,857,000"
"Apr 27, 2020",66.26,66.26,62.30,62.86,62.86,"40,300,000"
"Apr 24, 2020",62.40,65.20,60.56,64.32,64.32,"54,456,000"
"Apr 23, 2020",63.13,63.98,61.04,62.05,62.05,"43,839,000"
"Apr 22, 2020",61.60,63.50,60.32,62.66,62.66,"50,241,000"
"Apr 21, 2020",64.70,66.57,55.60,58.50,58.50,"110,507,000"
"Apr 20, 2020",58.50,64.50,58.40,62.99,62.99,"68,305,000"
"Apr 17, 2020",54.05,59.18,53.90,59.04,59.04,"61,417,000"
"Apr 16, 2020",50.85,52.91,50.20,52.64,52.64,"37,049,000"
"Apr 15, 2020",48.11,50.04,47.71,49.72,49.72,"26,843,000"
"Apr 14, 2020",46.70,50.15,46.13,49.61,49.61,"37,466,000"
"Apr 13, 2020",42.37,45.34,41.78,44.74,44.74,"31,202,000"
"Apr 9, 2020",42.25,43.90,41.30,41.77,41.77,"29,354,000"
"Apr 8, 2020",38.30,41.76,38.13,41.45,41.45,"33,532,000"
"Apr 7, 2020",40.90,40.90,37.40,37.85,37.85,"32,142,000"
"Apr 6, 2020",38.00,39.36,36.93,39.26,39.26,"27,666,000"
"Apr 3, 2020",35.80,36.38,34.50,35.76,35.76,"26,159,000"
"Apr 2, 2020",35.00,36.59,33.46,34.63,34.63,"52,055,000"
"Apr 1, 2020",40.30,40.60,38.15,38.47,38.47,"22,727,000"
"Mar 31, 2020",42.81,43.96,41.40,41.69,41.69,"19,501,000"
"Mar 30, 2020",42.35,43.49,41.20,43.04,43.04,"15,988,000"
"Mar 27, 2020",42.76,43.34,41.20,42.16,42.16,"25,693,000"
"Mar 26, 2020",45.44,47.05,43.53,44.74,44.74,"30,938,000"
"Mar 25, 2020",43.59,47.06,43.21,44.66,44.66,"35,632,000"
"Mar 24, 2020",41.28,43.30,40.67,43.00,43.00,"35,047,000"
"Mar 23, 2020",34.65,38.42,33.51,37.54,37.54,"36,509,000"
"Mar 20, 2020",34.50,37.25,34.20,34.61,34.61,"42,957,000"
"Mar 19, 2020",33.62,34.57,31.60,33.25,33.25,"32,472,000"
"Mar 18, 2020",32.63,35.86,30.53,33.68,33.68,"35,224,000"
"Mar 17, 2020",33.00,35.80,30.77,35.51,35.51,"42,408,000"
"Mar 16, 2020",33.90,36.20,32.15,32.23,32.23,"41,799,000"
"Mar 13, 2020",40.40,40.64,36.30,39.09,39.09,"33,144,000"
"Mar 12, 2020",37.10,40.36,36.61,37.78,37.78,"44,194,000"
"Mar 11, 2020",43.53,44.20,40.63,42.23,42.23,"28,126,000"
"Mar 10, 2020",44.50,45.05,42.06,45.03,45.03,"28,641,000"
"Mar 9, 2020",43.08,44.61,41.65,41.83,41.83,"29,866,000"
"Mar 6, 2020",48.00,49.12,45.91,47.21,47.21,"29,135,000"
"Mar 5, 2020",49.50,51.24,49.13,49.82,49.82,"24,602,000"
"Mar 4, 2020",48.90,51.40,48.60,51.22,51.22,"26,945,000"
"Mar 3, 2020",50.15,50.30,46.75,47.69,47.69,"31,572,000"
"Mar 2, 2020",48.32,48.88,46.16,48.84,48.84,"32,555,000"
"Feb 28, 2020",42.26,46.33,42.05,46.33,46.33,"34,554,000"
"Feb 27, 2020",45.23,46.79,42.79,43.84,43.84,"37,168,000"
"Feb 26, 2020",45.92,48.40,45.90,47.12,47.12,"25,320,000"
"Feb 25, 2020",50.00,50.24,45.65,46.65,46.65,"34,084,000"
"Feb 24, 2020",48.20,50.40,47.60,49.10,49.10,"32,880,000"
"Feb 21, 2020",53.12,53.46,51.16,52.07,52.07,"19,258,000"
"Feb 20, 2020",54.27,54.72,50.74,53.56,53.56,"24,669,000"
"Feb 19, 2020",54.40,54.97,53.86,54.32,54.32,"17,858,000"
"Feb 18, 2020",53.40,54.89,53.20,53.64,53.64,"24,464,000"
"Feb 14, 2020",54.10,54.22,52.33,53.12,53.12,"22,082,000"
"Feb 13, 2020",53.30,55.48,53.07,53.30,53.30,"45,225,000"
"Feb 12, 2020",56.89,59.39,52.90,53.13,53.13,"97,794,000"
"Feb 11, 2020",49.41,49.99,48.91,49.28,49.28,"26,930,000"
"Feb 10, 2020",47.91,49.17,47.65,49.17,49.17,"18,650,000"
"Feb 7, 2020",47.20,48.17,46.68,47.87,47.87,"11,944,000"
"Feb 6, 2020",47.32,47.57,46.25,47.30,47.30,"16,732,000"
"Feb 5, 2020",49.35,49.50,46.80,47.56,47.56,"21,317,000"
"Feb 4, 2020",47.64,48.77,47.18,48.55,48.55,"17,798,000"
"Feb 3, 2020",46.83,47.49,45.72,46.94,46.94,"18,507,000"
"Jan 31, 2020",48.06,48.29,46.30,46.57,46.57,"21,802,000"
"Jan 30, 2020",47.05,47.81,46.47,47.69,47.69,"15,071,000"
"Jan 29, 2020",47.34,48.00,47.04,47.17,47.17,"18,085,000"
"Jan 28, 2020",45.35,46.87,45.11,46.77,46.77,"15,361,000"
"Jan 27, 2020",44.76,45.99,43.67,45.11,45.11,"22,474,000"
"Jan 24, 2020",47.40,47.65,45.78,46.55,46.55,"21,411,000"
"Jan 23, 2020",46.48,47.30,46.00,46.92,46.92,"24,450,000"
"Jan 22, 2020",47.00,47.68,46.32,46.48,46.48,"23,584,000"
"Jan 21, 2020",45.50,47.29,45.41,46.54,46.54,"21,393,000"
"Jan 17, 2020",45.27,45.89,45.20,45.49,45.49,"18,692,000"
"Jan 16, 2020",45.27,45.38,44.66,45.13,45.13,"14,669,000"
"Jan 15, 2020",44.19,45.30,44.12,44.85,44.85,"16,329,000"
"Jan 14, 2020",44.28,44.59,43.05,44.12,44.12,"15,055,000"
"Jan 13, 2020",43.50,44.67,43.38,44.03,44.03,"19,998,000"
"Jan 10, 2020",43.25,43.86,42.77,42.92,42.92,"18,041,000"
"Jan 9, 2020",42.31,43.17,42.18,43.02,43.02,"17,844,000"
"Jan 8, 2020",41.39,42.25,41.19,41.81,41.81,"15,501,000"
"Jan 7, 2020",41.58,42.25,41.01,41.45,41.45,"15,529,000"
"Jan 6, 2020",39.86,41.35,39.54,41.33,41.33,"16,860,000"
"Jan 3, 2020",40.16,40.84,39.70,40.43,40.43,"10,317,000"
"Jan 2, 2020",40.40,40.82,39.84,40.78,40.78,"13,967,000"
"Dec 31, 2019",39.50,40.39,39.10,39.76,39.76,"11,222,000"
"Dec 30, 2019",40.84,40.93,39.21,39.64,39.64,"18,269,000"
